,7001,1,4,10,20251004,7,1,,t0_malaysia_07_2015
,8001,1,5,10,20251005,8,1,,t0_malaysia_08_2015
,2001,1,29,9,20250929,2,1,,t0_malaysia_02_2015
,6001,1,3,10,20251003,6,1,,t0_malaysia_06_2015
,3001,1,30,9,20250930,3,1,,t0_malaysia_03_2015
,4001,1,1,10,20251001,4,1,,t0_malaysia_04_2015
,5001,1,2,10,20251002,5,1,,t0_malaysia_05_2015
,1001,1,28,9,20250928,1,1,,t0_malaysia_01_2015
,1002,2,2,3,20250302,1,1,,c0_kuurne_2013
,1004,4,13,4,20250413,1,1,Roubaix,topclas_roubaix_2025
,7005,5,21,6,20250621,7,1,,top_suisse_07_2024
,8005,5,22,6,20250622,8,1,,top_suisse_08_2024
,5005,5,19,6,20250619,5,1,,top_suisse_05_2024
,6005,5,20,6,20250620,6,1,,top_suisse_06_2024
,1005,5,15,6,20250615,1,1,,top_suisse_01_2024
,3005,5,17,6,20250617,3,1,,top_suisse_03_2024
,2005,5,16,6,20250616,2,1,,top_suisse_02_2024
,4005,5,18,6,20250618,4,1,,top_suisse_04_2024
,1006,6,6,10,20251006,1,1,,c0_bernocchi_2021
,1008,8,6,8,20250806,1,1,,t1_ain_01_2022
,3008,8,8,8,20250808,3,1,,t1_ain_03_2022
,2008,8,7,8,20250807,2,1,,t1_ain_02_2022
,1009,9,29,6,20250629,1,1,,nat-den_tamijo
,1010,10,29,6,20250629,1,1,,nat-swi_Noris85
,1011,11,6,4,20250406,1,1,,topclas_rondevv_2018
,3012,12,9,4,20250409,3,1,,top_pvasco_03_2024
,4012,12,10,4,20250410,4,1,,top_pvasco_04_2024
,5012,12,11,4,20250411,5,1,,top_pvasco_05_2024
,2012,12,8,4,20250408,2,1,,top_pvasco_02_2024
,1012,12,7,4,20250407,1,1,,top_pvasco_01_2024
,6012,12,12,4,20250412,6,1,,top_pvasco_06_2024
,1013,13,30,3,20250330,1,1,,topclas_gwevelgem_2025
,1014,14,6,7,20250706,1,1,,c2_middenbrabant_2022
,1015,15,23,4,20250423,1,1,,topclas_fleche_2024
,10018,18,2,9,20250902,10,1,Vuelta10,top_vuelta_10_2013
,7018,18,29,8,20250829,7,1,Vuelta7,top_vuelta_07_2013
,8018,18,30,8,20250830,8,1,Vuelta8,top_vuelta_08_2013
,13018,18,5,9,20250905,13,1,Vuelta13,top_vuelta_13_2013
,12018,18,4,9,20250904,12,1,Vuelta12,top_vuelta_12_2013
,11018,18,3,9,20250903,11,1,Vuelta11,top_vuelta_11_2013
,6018,18,28,8,20250828,6,1,Vuelta6,top_vuelta_06_2013
,4018,18,26,8,20250826,4,1,Vuelta4,top_vuelta_04_2013
,1018,18,23,8,20250823,1,1,Vuelta1,top_vuelta_01_2013
,3018,18,25,8,20250825,3,1,Vuelta3,top_vuelta_03_2013
,9018,18,31,8,20250831,9,1,Vuelta9,top_vuelta_09_2013
,5018,18,27,8,20250827,5,1,Vuelta5,top_vuelta_05_2013
,2018,18,24,8,20250824,2,1,Vuelta2,top_vuelta_02_2013
,14018,18,6,9,20250906,14,1,Vuelta14,top_vuelta_14_2013
,21018,18,14,9,20250914,21,1,Vuelta21,top_vuelta_21_2013
,18018,18,11,9,20250911,18,1,Vuelta18,top_vuelta_18_2013
,19018,18,12,9,20250912,19,1,Vuelta19,top_vuelta_19_2013
,16018,18,9,9,20250909,16,1,Vuelta16,top_vuelta_16_2013
,20018,18,13,9,20250913,20,1,Vuelta20,top_vuelta_20_2013
,17018,18,10,9,20250910,17,1,Vuelta17,top_vuelta_17_2013
,15018,18,7,9,20250907,15,1,Vuelta15,top_vuelta_15_2013
,1019,19,29,4,20250429,1,1,,top_romandie_01_2023
,4019,19,2,5,20250502,4,1,,top_romandie_04_2023
,5019,19,3,5,20250503,5,1,,top_romandie_05_2023
,2019,19,30,4,20250430,2,1,,top_romandie_02_2023
,6019,19,4,5,20250504,6,1,,top_romandie_06_2023
,3019,19,1,5,20250501,3,1,,top_romandie_03_2023
,1024,24,1,3,20250301,1,1,,topclas_omloophetnieuws_2025
,18025,25,24,7,20250724,18,1,TdF18,top_tdf_18_1981
,3025,25,7,7,20250707,3,1,TdF3,top_tdf_03_1981
,21025,25,27,7,20250727,21,1,ChampsElysees,top_tdf_21_1981
,2025,25,6,7,20250706,2,1,TdF2,top_tdf_02_1981
,5025,25,9,7,20250709,5,1,TdF5,top_tdf_05_1981
,4025,25,8,7,20250708,4,1,TdF4,top_tdf_04_1981
,19025,25,25,7,20250725,19,1,TdF19,top_tdf_19_1981
,13025,25,18,7,20250718,13,1,TdF13,top_tdf_13_1981
,20025,25,26,7,20250726,20,1,TdF20,top_tdf_20_1981
,1025,25,5,7,20250705,1,1,TdF1,top_tdf_01_1981
,10025,25,14,7,20250714,10,1,TdF10,top_tdf_10_1981
,15025,25,20,7,20250720,15,1,TdF15,top_tdf_15_1981
,14025,25,19,7,20250719,14,1,TdF14,top_tdf_14_1981
,9025,25,13,7,20250713,9,1,TdF9,top_tdf_09_1981
,8025,25,12,7,20250712,8,1,TdF8,top_tdf_08_1981
,16025,25,22,7,20250722,16,1,TdF16,top_tdf_16_1981
,7025,25,11,7,20250711,7,1,TdF7,top_tdf_07_1981
,6025,25,10,7,20250710,6,1,TdF6,top_tdf_06_1981
,12025,25,17,7,20250717,12,1,TdF12,top_tdf_12_1981
,11025,25,16,7,20250716,11,1,TdF11,top_tdf_11_1981
,17025,25,23,7,20250723,17,1,TdF17,top_tdf_17_1981
,1026,26,17,8,20250817,1,1,,topclas_hamburg_2023
,2027,27,23,2,20250223,2,1,,t1_hautvar_02_2019
,1027,27,22,2,20250222,1,1,,t1_hautvar_01_2019
,1028,28,31,8,20250831,1,1,,topclas_plouay_2018
,1029,29,22,6,20250622,1,1,,topclas_copenhagen_2025
,1031,31,9,5,20250509,1,1,,c1_finistere_2022
,1032,32,11,5,20250511,1,1,,c0_trobleon_2023
,1036,36,25,7,20250725,1,1,,c1_ordizia_2023
,2038,38,6,8,20250806,2,1,,t0_burgos_02_2020
,3038,38,7,8,20250807,3,1,,t0_burgos_03_2020
,4038,38,8,8,20250808,4,1,,t0_burgos_04_2020
,5038,38,9,8,20250809,5,1,,t0_burgos_05_2020
,1038,38,5,8,20250805,1,1,,t0_burgos_01_2020
,1039,39,28,3,20250328,1,1,,topclas_harelbeke_2025
,5040,40,12,2,20250212,5,1,,t0_oman_05_2013
,1040,40,8,2,20250208,1,1,,t0_oman_01_2013
,2040,40,9,2,20250209,2,1,,t0_oman_02_2013
,3040,40,10,2,20250210,3,1,,t0_oman_03_2013
,4040,40,11,2,20250211,4,1,,t0_oman_04_2013
,1043,43,8,3,20250308,1,1,,topclas_stradebian_2025
,1044,44,1,5,20250501,1,1,,topclas_gpfrankfurt_2021
,1049,49,2,8,20250802,1,1,,topclas_sansebastian_2024
,3063,63,21,2,20250221,3,1,,t0_algarve_03_2025
,4063,63,22,2,20250222,4,1,,t0_algarve_04_2025
,5063,63,23,2,20250223,5,1,,t0_algarve_05_2025
,2063,63,20,2,20250220,2,1,,t0_algarve_02_2025
,1063,63,19,2,20250219,1,1,,t0_algarve_01_2025
,1066,66,4,3,20250304,1,1,,c1_fayt_2020
,5068,68,29,3,20250329,5,1,,t1_settimanainter_05_2021
,4068,68,28,3,20250328,4,1,,t1_settimanainter_04_2021
,3068,68,27,3,20250327,3,1,,t1_settimanainter_03_2021
,2068,68,26,3,20250326,2,1,,t1_settimanainter_02_2021
,1068,68,25,3,20250325,1,1,,t1_settimanainter_01_2021
,4069,69,11,4,20250411,4,1,,t1_sarthe_04_2013
,1069,69,8,4,20250408,1,1,,t1_sarthe_01_2013
,3069,69,10,4,20250410,3,1,,t1_sarthe_03_2013
,2069,69,9,4,20250409,2,1,,t1_sarthe_02_2013
,1072,72,20,3,20250320,1,1,,c0_denain_2024
,7074,74,14,6,20250614,7,1,,top_dauphine_07_2024
,4074,74,11,6,20250611,4,1,,top_dauphine_04_2024
,6074,74,13,6,20250613,6,1,,top_dauphine_06_2024
,5074,74,12,6,20250612,5,1,,top_dauphine_05_2024
,8074,74,15,6,20250615,8,1,,top_dauphine_08_2024
,3074,74,10,6,20250610,3,1,,top_dauphine_03_2024
,1074,74,8,6,20250608,1,1,,top_dauphine_01_2024
,2074,74,9,6,20250609,2,1,,top_dauphine_02_2024
,1077,77,22,3,20250322,1,1,SanRemo,topclas_sanremo_2018
,1078,78,27,7,20250727,1,1,,c1_castillayleon_2016
,1080,80,5,10,20251005,1,1,,natitt-lie_WaneToutFrit
,3083,83,13,6,20250613,3,1,,t1_elektratoer_03_2019
,4083,83,14,6,20250614,4,1,,t1_elektratoer_04_2019
,5083,83,15,6,20250615,5,1,,t1_elektratoer_05_2019
,2083,83,12,6,20250612,2,1,,t1_elektratoer_02_2019
,1083,83,11,6,20250611,1,1,,t1_elektratoer_01_2019
,5085,85,13,7,20250713,5,1,,t1_austria_05_2018
,1085,85,9,7,20250709,1,1,,t1_austria_01_2018
,2085,85,10,7,20250710,2,1,,t1_austria_02_2018
,3085,85,11,7,20250711,3,1,,t1_austria_03_2018
,4085,85,12,7,20250712,4,1,,t1_austria_04_2018
,1087,87,27,4,20250427,1,1,lbl,topclas_lbl_2019
,3091,91,26,3,20250326,3,1,,top_catalunya_03_2023
,4091,91,27,3,20250327,4,1,,top_catalunya_04_2023
,2091,91,25,3,20250325,2,1,,top_catalunya_02_2023
,5091,91,28,3,20250328,5,1,,top_catalunya_05_2023
,7091,91,30,3,20250330,7,1,,top_catalunya_07_2023
,1091,91,24,3,20250324,1,1,,top_catalunya_01_2023
,6091,91,29,3,20250329,6,1,,top_catalunya_06_2023
,1092,92,12,10,20251012,1,1,,c0_paristours_2018
,5093,93,24,8,20250824,5,1,,top_benelux_05_2020
,2093,93,21,8,20250821,2,1,,top_benelux_02_2020
,3093,93,22,8,20250822,3,1,,top_benelux_03_2020
,1093,93,20,8,20250820,1,1,,top_benelux_01_2020
,4093,93,23,8,20250823,4,1,,top_benelux_04_2020
,2096,96,20,8,20250820,2,1,,t1_limousin_02_2023
,4096,96,22,8,20250822,4,1,,t1_limousin_04_2023
,3096,96,21,8,20250821,3,1,,t1_limousin_03_2023
,1096,96,19,8,20250819,1,1,,t1_limousin_01_2023
,1098,98,1,3,20250301,1,1,,c0_ardeche_2021
,1099,99,2,3,20250302,1,1,,c0_drome_2023
,1100,100,21,9,20250921,1,1,,c1_isbergues_2022
,1102,102,15,8,20250815,1,1,,c0_eurometropole_2016
,1104,104,13,6,20250613,1,1,,c1_gippingen_2022
,1105,105,13,5,20250513,1,1,,c0_dunkerque_2025
,5106,106,18,5,20250518,5,1,,t0_dunkerque_05_2023
,2106,106,15,5,20250515,2,1,,t0_dunkerque_02_2023
,1106,106,14,5,20250514,1,1,,t0_dunkerque_01_2023
,4106,106,17,5,20250517,4,1,,t0_dunkerque_04_2023
,3106,106,16,5,20250516,3,1,,t0_dunkerque_03_2023
,1107,107,25,5,20250525,1,1,,nat-usa_2012
,1108,108,9,2,20250209,1,1,,nat-col_2012
,1109,109,16,6,20250616,1,1,,nat-rus_Wings
,1110,110,12,1,20250112,1,1,,nat-aus_2025
,1111,111,22,6,20250622,1,1,,nat-por_2022
,1112,112,29,6,20250629,1,1,,nat-pol_2017
,1113,113,29,6,20250629,1,1,,nat-cze_2022
,1114,114,29,6,20250629,1,1,,nat-ukr_Togo
,1115,115,29,6,20250629,1,1,,nat-gbr_folkestone
,1120,120,27,6,20250627,1,1,,natitt-esp_bilbao
,1121,121,27,6,20250627,1,1,,natitt-ita_2023
,1122,122,26,6,20250626,1,1,,natitt-fra_2016
,1123,123,27,6,20250627,1,1,,natitt-bel_2022
,1124,124,26,6,20250626,1,1,,natitt-ned_2012
,1125,125,21,5,20250521,1,1,,natitt-usa_2012
,1126,126,26,6,20250626,1,1,,natitt-deu_2022
,1127,127,26,6,20250626,1,1,,natitt-gbr_2023
,1128,128,16,2,20250216,1,1,,c0_almeria_2025
,1129,129,21,2,20250221,1,1,,c1_classicvar_2025
,4133,133,12,3,20250312,4,1,,top_nice_04_2025
,2133,133,10,3,20250310,2,1,,top_nice_02_2025
,3133,133,11,3,20250311,3,1,,top_nice_03_2025
,5133,133,13,3,20250313,5,1,,top_nice_05_2025
,1133,133,9,3,20250309,1,1,,top_nice_01_2025
,8133,133,16,3,20250316,8,1,,top_nice_08_2025
,7133,133,15,3,20250315,7,1,,top_nice_07_2025
,6133,133,14,3,20250314,6,1,,top_nice_06_2025
,18135,135,29,5,20250529,18,1,Giro17,top_giro_18_2006
,4135,135,13,5,20250513,4,1,Giro3,top_giro_04_2006
,1135,135,9,5,20250509,1,1,Giro0,top_giro_01_2006
,17135,135,28,5,20250528,17,1,Giro16,top_giro_17_2006
,5135,135,14,5,20250514,5,1,Giro4,top_giro_05_2006
,13135,135,23,5,20250523,13,1,Giro12,top_giro_13_2006
,12135,135,22,5,20250522,12,1,Giro11,top_giro_12_2006
,9135,135,18,5,20250518,9,1,Giro8,top_giro_09_2006
,7135,135,16,5,20250516,7,1,Giro6,top_giro_07_2006
,11135,135,21,5,20250521,11,1,Giro10,top_giro_11_2006
,10135,135,20,5,20250520,10,1,Giro9,top_giro_10_2006
,2135,135,10,5,20250510,2,1,Giro1,top_giro_02_2006
,8135,135,17,5,20250517,8,1,Giro7,top_giro_08_2006
,16135,135,27,5,20250527,16,1,Giro15,top_giro_16_2006
,15135,135,25,5,20250525,15,1,Giro14,top_giro_15_2006
,21135,135,1,6,20250601,21,1,Giro20,top_giro_21_2006
,3135,135,11,5,20250511,3,1,Giro2,top_giro_03_2006
,19135,135,30,5,20250530,19,1,Giro18,top_giro_19_2006
,20135,135,31,5,20250531,20,1,Giro19,top_giro_20_2006
,6135,135,15,5,20250515,6,1,Giro5,top_giro_06_2006
,14135,135,24,5,20250524,14,1,Giro13,top_giro_14_2006
,4139,139,13,3,20250313,4,1,,top_tirreno_04_2025
,3139,139,12,3,20250312,3,1,,top_tirreno_03_2025
,6139,139,15,3,20250315,6,1,,top_tirreno_06_2025
,5139,139,14,3,20250314,5,1,,top_tirreno_05_2025
,7139,139,16,3,20250316,7,1,,top_tirreno_07_2025
,1139,139,10,3,20250310,1,1,,top_tirreno_01_2025
,2139,139,11,3,20250311,2,1,,top_tirreno_02_2025
,1145,145,9,4,20250409,1,1,,c0_schelde_2015
,1149,149,17,9,20250917,1,1,,c0_gpwallonie_2013
,1153,153,7,10,20251007,1,1,,c0_trevallevaresine_2017
,1159,159,8,6,20250608,1,1,,c0_parisbruxelles_2018
,1160,160,14,9,20250914,1,1,,c0_fourmies_2021
,1163,163,19,3,20250319,1,1,,c0_milanotorino_2022
,1165,165,9,10,20251009,1,1,,c0_piemonte_2020
,1166,166,12,8,20250812,1,1,,t0_denmark_01_2018
,3166,166,14,8,20250814,3,1,,t0_denmark_03_2018
,4166,166,15,8,20250815,4,1,,t0_denmark_04_2018
,5166,166,16,8,20250816,5,1,,t0_denmark_05_2018
,2166,166,13,8,20250813,2,1,,t0_denmark_02_2018
,3167,167,8,8,20250808,3,1,,t1_portugal_03_2018
,6167,167,12,8,20250812,6,1,,t1_portugal_06_2018
,5167,167,11,8,20250811,5,1,,t1_portugal_05_2018
,1167,167,6,8,20250806,1,1,,t1_portugal_01_2018
,2167,167,7,8,20250807,2,1,,t1_portugal_02_2018
,7167,167,13,8,20250813,7,1,,t1_portugal_07_2018
,4167,167,9,8,20250809,4,1,,t1_portugal_04_2018
,9167,167,15,8,20250815,9,1,,t1_portugal_09_2018
,10167,167,16,8,20250816,10,1,,t1_portugal_10_2018
,11167,167,17,8,20250817,11,1,,t1_portugal_11_2018
,8167,167,14,8,20250814,8,1,,t1_portugal_08_2018
,1169,169,4,10,20251004,1,1,,c0_emilia_2013
,1172,172,11,10,20251011,1,1,,topclas_lombardia_2016
,1173,173,20,4,20250420,1,1,,topclas_maastricht_2025
,1175,175,28,9,20250928,1,1,,world_2025
,1179,179,10,9,20250910,1,1,,c1_toscana_2022
,5183,183,8,6,20250608,5,1,,t0_slovenia_05_2022
,2183,183,5,6,20250605,2,1,,t0_slovenia_02_2022
,4183,183,7,6,20250607,4,1,,t0_slovenia_04_2022
,3183,183,6,6,20250606,3,1,,t0_slovenia_03_2022
,1183,183,4,6,20250604,1,1,,t0_slovenia_01_2022
,1184,184,31,8,20250831,1,1,,c2_gpkranj_2020
,3186,186,8,7,20250708,3,1,,t0_qinghai_03_2016
,6186,186,11,7,20250711,6,1,,t0_qinghai_06_2016
,5186,186,10,7,20250710,5,1,,t0_qinghai_05_2016
,7186,186,12,7,20250712,7,1,,t0_qinghai_07_2016
,4186,186,9,7,20250709,4,1,,t0_qinghai_04_2016
,8186,186,13,7,20250713,8,1,,t0_qinghai_08_2016
,1186,186,6,7,20250706,1,1,,t0_qinghai_01_2016
,2186,186,7,7,20250707,2,1,,t0_qinghai_02_2016
,1189,189,3,10,20251003,1,1,,c0_munsterland_2020
,2190,190,3,9,20250903,2,1,,t0_britain_02_2015
,1190,190,2,9,20250902,1,1,,t0_britain_01_2015
,6190,190,7,9,20250907,6,1,,t0_britain_06_2015
,3190,190,4,9,20250904,3,1,,t0_britain_03_2015
,5190,190,6,9,20250906,5,1,,t0_britain_05_2015
,4190,190,5,9,20250905,4,1,,t0_britain_04_2015
,1191,191,19,10,20251019,1,1,,c1_nations_2022
,1192,192,19,10,20251019,1,1,,c0_japancup_2014
,1193,193,11,10,20251011,1,1,,c1_vendee_2023
,2200,200,30,5,20250530,2,1,,u23_paix_02_2021
,3200,200,31,5,20250531,3,1,,u23_paix_03_2021
,4200,200,1,6,20250601,4,1,,u23_paix_04_2021
,1200,200,29,5,20250529,1,1,,u23_paix_01_2021
,1202,202,21,5,20250521,1,1,,t2u_isard_01_2024
,3202,202,23,5,20250523,3,1,,t2u_isard_03_2024
,4202,202,24,5,20250524,4,1,,t2u_isard_04_2024
,2202,202,22,5,20250522,2,1,,t2u_isard_02_2024
,5202,202,25,5,20250525,5,1,,t2u_isard_05_2024
,1203,203,19,4,20250419,1,1,,c2u_lbl_2021
,1204,204,1,5,20250501,1,1,,c2_waasland_2023
,3205,205,26,8,20250826,3,1,,u23_avenir_03_2015
,4205,205,27,8,20250827,4,1,,u23_avenir_04_2015
,2205,205,25,8,20250825,2,1,,u23_avenir_02_2015
,6205,205,29,8,20250829,6,1,,u23_avenir_06_2015
,5205,205,28,8,20250828,5,1,,u23_avenir_05_2015
,1205,205,24,8,20250824,1,1,,u23_avenir_01_2015
,7205,205,30,8,20250830,7,1,,u23_avenir_07_2015
,3210,210,18,7,20250718,3,1,,t2u_aosta_03_2022
,4210,210,19,7,20250719,4,1,,t2u_aosta_04_2022
,1210,210,16,7,20250716,1,1,,t2u_aosta_01_2022
,2210,210,17,7,20250717,2,1,,t2u_aosta_02_2022
,5210,210,20,7,20250720,5,1,,t2u_aosta_05_2022
,1214,214,20,9,20250920,1,1,,c0_primus_2021
,1216,216,4,10,20251004,1,1,,c2u_lombardia_2022
,1220,220,3,8,20250803,1,1,,c1_getxo_2012
,1221,221,22,6,20250622,1,1,,natitt-ben_Wane
,1222,222,25,6,20250625,1,1,,natitt-sen_Wane
,1223,223,26,7,20250726,1,1,,natitt-mli_Wane
,1224,224,19,6,20250619,1,1,,natitt-kos_Wane
,1225,225,28,6,20250628,1,1,,natitt-mne_2023
,1226,226,28,6,20250628,1,1,,natitt-hnd_Wane
,1227,227,13,5,20250513,1,1,,natitt-irq_Wane
,1228,228,22,6,20250622,1,1,,natitt-blz_Wane
,1229,229,22,6,20250622,1,1,,natitt-grd_Wane
,1236,236,29,5,20250529,1,1,,c1_circwall_2021
,2237,237,29,5,20250529,2,1,,t2_rhalpesisere_02_2023
,1237,237,28,5,20250528,1,1,,t2_rhalpesisere_01_2023
,5237,237,1,6,20250601,5,1,,t2_rhalpesisere_05_2023
,4237,237,31,5,20250531,4,1,,t2_rhalpesisere_04_2023
,3237,237,30,5,20250530,3,1,,t2_rhalpesisere_03_2023
,1238,238,26,3,20250326,1,1,,t2_olympiatour_01_2012
,2238,238,27,3,20250327,2,1,,t2_olympiatour_02_2012
,4238,238,29,3,20250329,4,1,,t2_olympiatour_04_2012
,3238,238,28,3,20250328,3,1,,t2_olympiatour_03_2012
,5238,238,30,3,20250330,5,1,,t2_olympiatour_05_2012
,1239,239,12,4,20250412,1,1,,c1_calabria_2023
,4242,242,1,6,20250601,4,1,,t0_mayenne_04_2023
,3242,242,31,5,20250531,3,1,,t0_mayenne_03_2023
,1242,242,29,5,20250529,1,1,,t0_mayenne_01_2023
,2242,242,30,5,20250530,2,1,,t0_mayenne_02_2023
,1243,243,3,5,20250503,1,1,,c2_flechearden_2015
,4244,244,17,8,20250817,4,1,,t1_czecht_04_2022
,3244,244,16,8,20250816,3,1,,t1_czecht_03_2022
,2244,244,15,8,20250815,2,1,,t1_czecht_02_2022
,1244,244,14,8,20250814,1,1,,t1_czecht_01_2022
,3245,245,1,8,20250801,3,1,,t2_alsace_03_2017
,4245,245,2,8,20250802,4,1,,t2_alsace_04_2017
,2245,245,31,7,20250731,2,1,,t2_alsace_02_2017
,1245,245,30,7,20250730,1,1,,t2_alsace_01_2017
,5245,245,3,8,20250803,5,1,,t2_alsace_05_2017
,1248,248,21,9,20250921,1,1,,worlditt_2025
,3252,252,16,2,20250216,3,1,,t1_provence_03_2022
,2252,252,15,2,20250215,2,1,,t1_provence_02_2022
,1252,252,14,2,20250214,1,1,,t1_provence_01_2022
,1254,254,21,3,20250321,1,1,,c0_bredene_2021
,1256,256,17,6,20250617,1,1,,c0_montventoux_2020
,3260,260,31,5,20250531,3,1,,t0_norway_03_2023
,4260,260,1,6,20250601,4,1,,t0_norway_04_2023
,2260,260,30,5,20250530,2,1,,t0_norway_02_2023
,1260,260,29,5,20250529,1,1,,t0_norway_01_2023
,1261,261,10,5,20250510,1,1,,c0_plumelec_2023
,1262,262,8,5,20250508,1,1,,c1_aulne_2013
,1273,273,7,10,20251007,1,1,,c1_binchetournai_2024
,1279,279,9,6,20250609,1,1,,c2_paristroyes_2012
,1280,280,11,5,20250511,1,1,,c2u_gwevelgem_2022
,3281,281,15,3,20250315,3,1,,t2_istriantrophy_03_2014
,1281,281,13,3,20250313,1,1,,t2_istriantrophy_01_2014
,4281,281,16,3,20250316,4,1,,t2_istriantrophy_04_2014
,2281,281,14,3,20250314,2,1,,t2_istriantrophy_02_2014
,1282,282,18,5,20250518,1,1,,c2_gpnewyork_2024
,1283,283,26,3,20250326,1,1,,t2_alentejo_01_2016
,4283,283,29,3,20250329,4,1,,t2_alentejo_04_2016
,2283,283,27,3,20250327,2,1,,t2_alentejo_02_2016
,3283,283,28,3,20250328,3,1,,t2_alentejo_03_2016
,5283,283,30,3,20250330,5,1,,t2_alentejo_05_2016
,2286,286,11,4,20250411,2,1,,t2_tourardennes_02_2015
,1286,286,10,4,20250410,1,1,,t2_tourardennes_01_2015
,4286,286,13,4,20250413,4,1,,t2_tourardennes_04_2015
,3286,286,12,4,20250412,3,1,,t2_tourardennes_03_2015
,1290,290,29,6,20250629,1,1,,nat-fra_2022
,4293,293,8,2,20250208,4,1,,t1_besseges_04_2020
,3293,293,7,2,20250207,3,1,,t1_besseges_03_2020
,2293,293,6,2,20250206,2,1,,t1_besseges_02_2020
,5293,293,9,2,20250209,5,1,,t1_besseges_05_2020
,1293,293,5,2,20250205,1,1,,t1_besseges_01_2020
,5294,294,25,1,20250125,5,1,,top_australia_05_2025
,1294,294,21,1,20250121,1,1,,top_australia_01_2025
,2294,294,22,1,20250122,2,1,,top_australia_02_2025
,6294,294,26,1,20250126,6,1,,top_australia_06_2025
,4294,294,24,1,20250124,4,1,,top_australia_04_2025
,3294,294,23,1,20250123,3,1,,top_australia_03_2025
,2296,296,8,8,20250808,2,1,,t0_articnorway_02_2024
,1296,296,7,8,20250807,1,1,,t0_articnorway_01_2024
,3296,296,9,8,20250809,3,1,,t0_articnorway_03_2024
,4296,296,10,8,20250810,4,1,,t0_articnorway_04_2024
,5297,297,21,2,20250221,5,1,,top_uaetour_05_2025
,6297,297,22,2,20250222,6,1,,top_uaetour_06_2025
,7297,297,23,2,20250223,7,1,,top_uaetour_07_2025
,3297,297,19,2,20250219,3,1,,top_uaetour_03_2025
,2297,297,18,2,20250218,2,1,,top_uaetour_02_2025
,1297,297,17,2,20250217,1,1,,top_uaetour_01_2025
,4297,297,20,2,20250220,4,1,,top_uaetour_04_2025
,2298,298,29,1,20250129,2,1,,t1_saudi_02_2025
,5298,298,1,2,20250201,5,1,,t1_saudi_05_2025
,4298,298,31,1,20250131,4,1,,t1_saudi_04_2025
,3298,298,30,1,20250130,3,1,,t1_saudi_03_2025
,1298,298,28,1,20250128,1,1,,t1_saudi_01_2025
,1302,302,2,2,20250202,1,1,,c1_gpmarseille_2025
,3304,304,21,2,20250221,3,1,,t0_andalucia_03_2020
,5304,304,23,2,20250223,5,1,,t0_andalucia_05_2020
,2304,304,20,2,20250220,2,1,,t0_andalucia_02_2020
,1304,304,19,2,20250219,1,1,,t0_andalucia_01_2020
,4304,304,22,2,20250222,4,1,,t0_andalucia_04_2020
,1305,305,5,3,20250305,1,1,,c0_laigueglia_2021
,2309,309,6,2,20250206,2,1,,t0_valenciana_02_2025
,5309,309,9,2,20250209,5,1,,t0_valenciana_05_2025
,4309,309,8,2,20250208,4,1,,t0_valenciana_04_2025
,1309,309,5,2,20250205,1,1,,t0_valenciana_01_2025
,3309,309,7,2,20250207,3,1,,t0_valenciana_03_2025
,1311,311,15,2,20250215,1,1,,c1_murcia_2025
,1312,312,21,9,20250921,1,1,,c1_romagna_2024
,1314,314,19,3,20250319,1,1,,c0_nokere_2025
,1316,316,23,3,20250323,1,1,,c1_cholet_2019
,1317,317,2,4,20250402,1,1,,topclas_dwarsvlaanderen_2025
,1318,318,18,4,20250418,1,1,,c0_brabantseprijs_2022
,1319,319,26,3,20250326,1,1,,topclas_panne_2025
,1320,320,5,4,20250405,1,1,,c0_navarra_2019
,1322,322,27,9,20250927,1,1,,c2_cerami_2017
,1324,324,2,4,20250402,1,1,,c1_parisvimoutiers_2013
,4325,325,24,4,20250424,4,1,,t0_alps_04_2020
,2325,325,22,4,20250422,2,1,,t0_alps_02_2020
,3325,325,23,4,20250423,3,1,,t0_alps_03_2020
,5325,325,25,4,20250425,5,1,,t0_alps_05_2020
,1325,325,21,4,20250421,1,1,,t0_alps_01_2020
,1328,328,24,6,20250624,1,1,,c1_appennino_2017
,1329,329,17,8,20250817,1,1,,c2_classiquemaurice_2024
,5334,334,22,6,20250622,5,1,,t0_belgique_05_2016
,1334,334,18,6,20250618,1,1,,t0_belgique_01_2016
,3334,334,20,6,20250620,3,1,,t0_belgique_03_2016
,2334,334,19,6,20250619,2,1,,t0_belgique_02_2016
,4334,334,21,6,20250621,4,1,,t0_belgique_04_2016
,2335,335,18,9,20250918,2,1,,t0_luxembourg_02_2024
,3335,335,19,9,20250919,3,1,,t0_luxembourg_03_2024
,5335,335,21,9,20250921,5,1,,t0_luxembourg_05_2024
,1335,335,17,9,20250917,1,1,,t0_luxembourg_01_2024
,4335,335,20,9,20250920,4,1,,t0_luxembourg_04_2024
,1338,338,18,5,20250518,1,1,,c1_koln_2019
,5343,343,30,7,20250730,5,1,,t0_wallonie_05_2019
,1343,343,26,7,20250726,1,1,,t0_wallonie_01_2019
,2343,343,27,7,20250727,2,1,,t0_wallonie_02_2019
,3343,343,28,7,20250728,3,1,,t0_wallonie_03_2019
,4343,343,29,7,20250729,4,1,,t0_wallonie_04_2019
,1344,344,17,8,20250817,1,1,,c1_normandie_2018
,1348,348,5,10,20251005,1,1,,c1_agostoni_2019
,3359,359,6,8,20250806,3,1,,top_pologne_03_2022
,1359,359,4,8,20250804,1,1,,top_pologne_01_2022
,7359,359,10,8,20250810,7,1,,top_pologne_07_2022
,4359,359,7,8,20250807,4,1,,top_pologne_04_2022
,5359,359,8,8,20250808,5,1,,top_pologne_05_2022
,6359,359,9,8,20250809,6,1,,top_pologne_06_2022
,2359,359,5,8,20250805,2,1,,top_pologne_02_2022
,1365,365,11,9,20250911,1,1,,c0_sabatini_2021
,1374,374,29,6,20250629,1,1,,nat-esp_cordoba
,1375,375,29,6,20250629,1,1,,nat-ita_fiuggi
,1376,376,29,6,20250629,1,1,,nat-bel_BenjiNaesen
,1377,377,29,6,20250629,1,1,,nat-ned_2020
,1378,378,29,6,20250629,1,1,,nat-deu_Nurburgring
,1380,380,4,4,20250404,1,1,,c1_vitre_2021
,3381,381,20,6,20250620,3,1,,t1_occitanie_03_2022
,2381,381,19,6,20250619,2,1,,t1_occitanie_02_2022
,4381,381,21,6,20250621,4,1,,t1_occitanie_04_2022
,1381,381,18,6,20250618,1,1,,t1_occitanie_01_2022
,1388,388,23,6,20250623,1,1,,nat-ben_Wane
,1389,389,27,6,20250627,1,1,,nat-sen_Wane
,1390,390,5,10,20251005,1,1,,nat-mli_Wane
,1391,391,21,6,20250621,1,1,,nat-kos_Wane
,1392,392,29,6,20250629,1,1,,nat-mne_Wane
,1393,393,29,6,20250629,1,1,,nat-hnd_Wane
,1394,394,14,5,20250514,1,1,,nat-irq_Wane
,1395,395,29,6,20250629,1,1,,nat-blz_Wane
,1396,396,23,6,20250623,1,1,,nat-grd_Wane
,1401,401,27,8,20250827,1,1,,c1_overijse_2023
,1402,402,30,1,20250130,1,1,,c1_torquay_2020
,1403,403,13,9,20250913,1,1,,c1_pantaloni_2013
,1404,404,14,9,20250914,1,1,,c1_matteotti_2019
,1405,405,12,9,20250912,1,1,,topclas_quebec_2021
,1406,406,14,9,20250914,1,1,,topclas_montreal_2021
,1407,407,5,4,20250405,1,1,,c1_mergelland_2023
,5408,408,1,5,20250501,5,1,,t0_turkey_05_2023
,6408,408,2,5,20250502,6,1,,t0_turkey_06_2023
,8408,408,4,5,20250504,8,1,,t0_turkey_08_2023
,1408,408,27,4,20250427,1,1,,t0_turkey_01_2023
,3408,408,29,4,20250429,3,1,,t0_turkey_03_2023
,2408,408,28,4,20250428,2,1,,t0_turkey_02_2023
,7408,408,3,5,20250503,7,1,,t0_turkey_07_2023
,4408,408,30,4,20250430,4,1,,t0_turkey_04_2023
,3410,410,27,4,20250427,3,1,,t2_bretagne_03_2015
,4410,410,28,4,20250428,4,1,,t2_bretagne_04_2015
,5410,410,29,4,20250429,5,1,,t2_bretagne_05_2015
,1410,410,25,4,20250425,1,1,,t2_bretagne_01_2015
,7410,410,1,5,20250501,7,1,,t2_bretagne_07_2015
,6410,410,30,4,20250430,6,1,,t2_bretagne_06_2015
,2410,410,26,4,20250426,2,1,,t2_bretagne_02_2015
,1411,411,27,4,20250427,1,1,,c2_rutland_2012
,1414,414,11,5,20250511,1,1,,c2_nor-ringerike_2014
,1415,415,10,5,20250510,1,1,,c2_nor-hadeland_2014
,1416,416,26,1,20250126,1,1,,c1_gpvalencia_2025
,2419,419,3,7,20250703,2,1,,t2_solidarnosc_02_2015
,3419,419,4,7,20250704,3,1,,t2_solidarnosc_03_2015
,1419,419,2,7,20250702,1,1,,t2_solidarnosc_01_2015
,4419,419,5,7,20250705,4,1,,t2_solidarnosc_04_2015
,1420,420,30,1,20250130,1,1,,c1_salines_2025
,1421,421,29,1,20250129,1,1,,c1_campos_2025
,1422,422,1,2,20250201,1,1,,c1_lloseta_2025
,1423,423,31,1,20250131,1,1,,c1_serra_2025
,1424,424,2,2,20250202,1,1,,c1_palma_2025
,1425,425,1,2,20250201,1,1,,c2_airportcity_2025
,1426,426,25,1,20250125,1,1,,c1_castellon_2024
,1427,427,27,3,20250327,1,1,,c2_collio_2024
,3428,428,6,4,20250406,3,1,,t2_jamaica_03_2024
,2428,428,5,4,20250405,2,1,,t2_jamaica_02_2024
,1428,428,4,4,20250404,1,1,,t2_jamaica_01_2024
,1429,429,27,4,20250427,1,1,,c2_raffeisen_2024
,1430,430,8,2,20250208,1,1,,c2_aspendos_2023
,1431,431,21,7,20250721,1,1,,c1_ebre_2024
,1432,432,24,1,20250124,1,1,,c2_morvedre_2025
,1434,434,22,6,20250622,1,1,,natitt-pse_Wane
,1435,435,23,6,20250623,1,1,,nat-pse_Wane1
,1442,442,14,3,20250314,1,1,,natitt-pan_Wane
,1443,443,16,3,20250316,1,1,,nat-pan_Wane
,1444,444,19,10,20251019,1,1,,c0_venetoclassic_2022
,1445,445,15,10,20251015,1,1,,c0_veneto_2021
,1446,446,18,5,20250518,1,1,,nat-per_2017
,1447,447,17,5,20250517,1,1,,natitt-per_2017
,1448,448,1,6,20250601,1,1,,c2u_pace_2016
,1449,449,27,7,20250727,1,1,,c2_pucharministraobrony_2016
,3450,450,6,9,20250906,3,1,,t2_kosovo_03_2019
,1450,450,4,9,20250904,1,1,,t2_kosovo_01_2019
,2450,450,5,9,20250905,2,1,,t2_kosovo_02_2019
,3451,451,13,10,20251013,3,1,,t1_kyushu_03_2023
,1451,451,11,10,20251011,1,1,,t1_kyushu_01_2023
,2451,451,12,10,20251012,2,1,,t1_kyushu_02_2023
,1452,452,25,8,20250825,1,1,,c2_kaisareia_2023
,5454,454,13,5,20250513,5,1,,t2_costarica_05_2018
,3454,454,11,5,20250511,3,1,,t2_costarica_03_2018
,9454,454,17,5,20250517,9,1,,t2_costarica_09_2018
,8454,454,16,5,20250516,8,1,,t2_costarica_08_2018
,10454,454,18,5,20250518,10,1,,t2_costarica_10_2018
,2454,454,10,5,20250510,2,1,,t2_costarica_02_2018
,7454,454,15,5,20250515,7,1,,t2_costarica_07_2018
,1454,454,9,5,20250509,1,1,,t2_costarica_01_2018
,4454,454,12,5,20250512,4,1,,t2_costarica_04_2018
,6454,454,14,5,20250514,6,1,,t2_costarica_06_2018
,1455,455,19,10,20251019,1,1,,c2u_nations_2016
,1456,456,27,4,20250427,1,1,,c2_biella_2024
,5457,457,28,1,20250128,5,1,,t2_sharjah_05_2023
,3457,457,26,1,20250126,3,1,,t2_sharjah_03_2023
,2457,457,25,1,20250125,2,1,,t2_sharjah_02_2023
,4457,457,27,1,20250127,4,1,,t2_sharjah_04_2023
,1457,457,24,1,20250124,1,1,,t2_sharjah_01_2023
,1458,458,17,2,20250217,1,1,,c1_clasicajaen_2025
,1459,459,24,7,20250724,1,1,,natitt-and_Elias
,1460,460,25,7,20250725,1,1,,nat-and_Elias
,1461,461,22,6,20250622,1,1,,natitt-bfa_illince
,1462,462,23,6,20250623,1,1,,nat-bfa_2024
,1463,463,28,6,20250628,1,1,,natitt-bih_Wings
,1464,464,29,6,20250629,1,1,,nat-bih_Wings02
,1465,465,20,6,20250620,1,1,,natitt-dom_Wings
,1466,466,23,6,20250623,1,1,,nat-dom_2018
,1467,467,26,6,20250626,1,1,,natitt-gab_Flo76-Pet
,1468,468,27,6,20250627,1,1,,nat-gab_Flo76
,1469,469,28,5,20250528,1,1,,natitt-jam_Grebiere
,1470,470,29,5,20250529,1,1,,nat-jam_Grebiere
,1471,471,19,1,20250119,1,1,,natitt-oma_Wings
,1472,472,20,1,20250120,1,1,,nat-oma_2022
,1473,473,22,6,20250622,1,1,,natitt-pri_Wings
,1474,474,29,6,20250629,1,1,,nat-pri_2018
,1475,475,16,4,20250416,1,1,,natitt-sau_Flo76-Pet
,1476,476,18,4,20250418,1,1,,nat-sau_Flo76
,1477,477,29,6,20250629,1,1,,natitt-tto_2021
,1478,478,30,6,20250630,1,1,,nat-tto_2018
,1479,479,22,6,20250622,1,1,,natitt-gtm_V1
,1480,480,29,6,20250629,1,1,,nat-gtm_2023
,1481,481,3,5,20250503,1,1,,natitt-egy_v1
,1482,482,4,5,20250504,1,1,,nat-egy_V1
,1484,484,12,6,20250612,1,1,,natitt-cub_2018
,1485,485,15,6,20250615,1,1,,nat-cub_2018
,1486,486,22,6,20250622,1,1,,natitt-geo_V1
,1487,487,23,6,20250623,1,1,,nat-geo_V1
,1489,489,6,7,20250706,1,1,,c2_nogent_2010
,1490,490,9,5,20250509,1,1,,c2_silesia_2024
,3491,491,21,9,20250921,3,1,,t2_huangshan_03_2023
,1491,491,19,9,20250919,1,1,,t2_huangshan_01_2023
,2491,491,20,9,20250920,2,1,,t2_huangshan_02_2023
,1492,492,13,7,20250713,1,1,,c2_kultepe_2023
,1493,493,11,5,20250511,1,1,,c2_beskid_2025
,1494,494,18,4,20250418,1,1,,c1_classicdoubs_2022
,1495,495,24,8,20250824,1,1,,c2_cankiri_2025
,3497,497,28,2,20250228,3,1,,t1_camino_03_2025
,4497,497,1,3,20250301,4,1,,t1_camino_04_2025
,5497,497,2,3,20250302,5,1,,t1_camino_05_2025
,2497,497,27,2,20250227,2,1,,t1_camino_02_2025
,1497,497,26,2,20250226,1,1,,t1_camino_01_2025
,1498,498,1,3,20250301,1,1,,t2_aegean_01_2023
,2498,498,2,3,20250302,2,1,,t2_aegean_02_2023
,1499,499,25,3,20250325,1,1,,c2_vipava_2022
,1500,500,21,3,20250321,1,1,,c2u_coast_2021
,3501,501,14,6,20250614,3,1,,t2_kurpie_03_2024
,4501,501,15,6,20250615,4,1,,t2_kurpie_04_2024
,2501,501,13,6,20250613,2,1,,t2_kurpie_02_2024
,1501,501,12,6,20250612,1,1,,t2_kurpie_01_2024
,5501,501,16,6,20250616,5,1,,t2_kurpie_05_2024
,1502,502,20,8,20250820,1,1,,t2_warsaw_01_2024
,4502,502,23,8,20250823,4,1,,t2_warsaw_04_2024
,5502,502,24,8,20250824,5,1,,t2_warsaw_05_2024
,2502,502,21,8,20250821,2,1,,t2_warsaw_02_2024
,3502,502,22,8,20250822,3,1,,t2_warsaw_03_2024
,1503,503,3,10,20251003,1,1,,t2_rio_01_2012
,3503,503,5,10,20251005,3,1,,t2_rio_03_2012
,2503,503,4,10,20251004,2,1,,t2_rio_02_2012
,1504,504,8,2,20250208,1,1,,c2_sidiyoucef_2025
,1505,505,19,4,20250419,1,1,,c1_jura_2022
,3506,506,6,9,20250906,3,1,,t2u_flanderstomorrow_03_2021
,1506,506,4,9,20250904,1,1,,t2u_flanderstomorrow_01_2021
,2506,506,5,9,20250905,2,1,,t2u_flanderstomorrow_02_2021
,4507,507,30,5,20250530,4,1,,t1_iran_04_2019
,5507,507,31,5,20250531,5,1,,t1_iran_05_2019
,3507,507,29,5,20250529,3,1,,t1_iran_03_2019
,2507,507,28,5,20250528,2,1,,t1_iran_02_2019
,1507,507,27,5,20250527,1,1,,t1_iran_01_2019
,3510,510,3,6,20250603,3,1,,t2_venezuela_03_2018
,1510,510,1,6,20250601,1,1,,t2_venezuela_01_2018
,8510,510,8,6,20250608,8,1,,t2_venezuela_08_2018
,4510,510,4,6,20250604,4,1,,t2_venezuela_04_2018
,6510,510,6,6,20250606,6,1,,t2_venezuela_06_2018
,2510,510,2,6,20250602,2,1,,t2_venezuela_02_2018
,7510,510,7,6,20250607,7,1,,t2_venezuela_07_2018
,5510,510,5,6,20250605,5,1,,t2_venezuela_05_2018
,1511,511,6,9,20250906,1,1,,c0_maryland_2022
,1512,512,14,9,20250914,1,1,,c2_rikvanlooy_2022
,1515,515,17,8,20250817,1,1,,c2_magiery_2023
,1516,516,13,7,20250713,1,1,,c2_tokyotama_2025
,9517,517,18,10,20251018,9,1,,t2_guatemala_09_2018
,10517,517,19,10,20251019,10,1,,t2_guatemala_10_2018
,4517,517,13,10,20251013,4,1,,t2_guatemala_04_2018
,5517,517,14,10,20251014,5,1,,t2_guatemala_05_2018
,1517,517,10,10,20251010,1,1,,t2_guatemala_01_2018
,2517,517,11,10,20251011,2,1,,t2_guatemala_02_2018
,8517,517,17,10,20251017,8,1,,t2_guatemala_08_2018
,3517,517,12,10,20251012,3,1,,t2_guatemala_03_2018
,7517,517,16,10,20251016,7,1,,t2_guatemala_07_2018
,6517,517,15,10,20251015,6,1,,t2_guatemala_06_2018
,1518,518,23,3,20250323,1,1,,c2_okinawa_2018
,1519,519,16,2,20250216,1,1,,c0_figueira_2023
,1520,520,1,5,20250501,1,1,,c2_vorarlberg_2023
,1521,521,29,8,20250829,1,1,,c2_gorenjska_2022
,1522,522,8,3,20250308,1,1,,c2_100communes_2023
,1525,525,7,2,20250207,1,1,,c1_muscat_2023
,1526,526,23,3,20250323,1,1,,c2_apollontemple_2023
,2527,527,5,6,20250605,2,1,,t2_lithuania_02_2024
,1527,527,4,6,20250604,1,1,,t2_lithuania_01_2024
,4527,527,7,6,20250607,4,1,,t2_lithuania_04_2024
,3527,527,6,6,20250606,3,1,,t2_lithuania_03_2024
,5527,527,8,6,20250608,5,1,,t2_lithuania_05_2024
,1528,528,22,2,20250222,1,1,,c2_gpalger_2016
,9529,529,19,4,20250419,9,1,,t2_maroc_09_2018
,8529,529,18,4,20250418,8,1,,t2_maroc_08_2018
,4529,529,14,4,20250414,4,1,,t2_maroc_04_2018
,7529,529,17,4,20250417,7,1,,t2_maroc_07_2018
,1529,529,11,4,20250411,1,1,,t2_maroc_01_2018
,10529,529,20,4,20250420,10,1,,t2_maroc_10_2018
,2529,529,12,4,20250412,2,1,,t2_maroc_02_2018
,6529,529,16,4,20250416,6,1,,t2_maroc_06_2018
,3529,529,13,4,20250413,3,1,,t2_maroc_03_2018
,5529,529,15,4,20250415,5,1,,t2_maroc_05_2018
,6530,530,26,5,20250526,6,1,,t2_mali_06_2024
,2530,530,22,5,20250522,2,1,,t2_mali_02_2024
,3530,530,23,5,20250523,3,1,,t2_mali_03_2024
,1530,530,21,5,20250521,1,1,,t2_mali_01_2024
,5530,530,25,5,20250525,5,1,,t2_mali_05_2024
,4530,530,24,5,20250524,4,1,,t2_mali_04_2024
,1531,531,20,2,20250220,1,1,,c2_gpsonatrach_2025
,3533,533,12,3,20250312,3,1,,t2_changnyeong_03_2024
,2533,533,11,3,20250311,2,1,,t2_changnyeong_02_2024
,1533,533,10,3,20250310,1,1,,t2_changnyeong_01_2024
,3534,534,7,6,20250607,3,1,,t2_gyeongnam_03_2024
,2534,534,6,6,20250606,2,1,,t2_gyeongnam_02_2024
,1534,534,5,6,20250605,1,1,,t2_gyeongnam_01_2024
,4534,534,8,6,20250608,4,1,,t2_gyeongnam_04_2024
,1535,535,25,2,20250225,1,1,,c2_tourofalanya_2023
,1536,536,6,4,20250406,1,1,,c2_syedra_2023
,5537,537,6,4,20250406,5,1,,t1_hellas_05_2023
,1537,537,2,4,20250402,1,1,,t1_hellas_01_2023
,2537,537,3,4,20250403,2,1,,t1_hellas_02_2023
,3537,537,4,4,20250404,3,1,,t1_hellas_03_2023
,4537,537,5,4,20250405,4,1,,t1_hellas_04_2023
,2539,539,8,4,20250408,2,1,,t0_hainan_02_2024
,3539,539,9,4,20250409,3,1,,t0_hainan_03_2024
,5539,539,11,4,20250411,5,1,,t0_hainan_05_2024
,1539,539,7,4,20250407,1,1,,t0_hainan_01_2024
,4539,539,10,4,20250410,4,1,,t0_hainan_04_2024
,1541,541,30,4,20250430,1,1,,t2_bantrab_01_2023
,2541,541,1,5,20250501,2,1,,t2_bantrab_02_2023
,3541,541,2,5,20250502,3,1,,t2_bantrab_03_2023
,4541,541,3,5,20250503,4,1,,t2_bantrab_04_2023
,5541,541,4,5,20250504,5,1,,t2_bantrab_05_2023
,2542,542,10,2,20250210,2,1,,t2_algerie_02_2024
,6542,542,14,2,20250214,6,1,,t2_algerie_06_2024
,7542,542,15,2,20250215,7,1,,t2_algerie_07_2024
,8542,542,16,2,20250216,8,1,,t2_algerie_08_2024
,4542,542,12,2,20250212,4,1,,t2_algerie_04_2024
,5542,542,13,2,20250213,5,1,,t2_algerie_05_2024
,10542,542,18,2,20250218,10,1,,t2_algerie_10_2024
,9542,542,17,2,20250217,9,1,,t2_algerie_09_2024
,3542,542,11,2,20250211,3,1,,t2_algerie_03_2024
,1542,542,9,2,20250209,1,1,,t2_algerie_01_2024
,1543,543,10,8,20250810,1,1,,c2_ausnit_2023
,1544,544,24,5,20250524,1,1,,c2_santarita_2023
,1545,545,25,5,20250525,1,1,,c2_castelfidardo_2023
,1550,550,31,8,20250831,1,1,,c2_gpplouay_2023
,1551,551,2,2,20250202,1,1,,topclas_greatocean_2025
,1552,552,27,8,20250827,1,1,,c2_muurclassic_2024
,3554,554,10,9,20250910,3,1,,t2_salalah_03_2023
,1554,554,8,9,20250908,1,1,,t2_salalah_01_2023
,2554,554,9,9,20250909,2,1,,t2_salalah_02_2023
,4554,554,11,9,20250911,4,1,,t2_salalah_04_2023
,1557,557,16,4,20250416,1,1,,c1_rondelimburg_2019
,1558,558,14,6,20250614,1,1,,c0_dwarsdoorhageland_2022
,1559,559,15,6,20250615,1,1,,c1_elfstedenronde_2018
,2560,560,30,5,20250530,2,1,,t2_oberosterreich_02_2022
,4560,560,1,6,20250601,4,1,,t2_oberosterreich_04_2022
,3560,560,31,5,20250531,3,1,,t2_oberosterreich_03_2022
,1560,560,29,5,20250529,1,1,,t2_oberosterreich_01_2022
,1561,561,11,5,20250511,1,1,,c2u_marwil_2025
,2563,563,7,6,20250607,2,1,,t2_tourofmalopolska_02_2024
,3563,563,8,6,20250608,3,1,,t2_tourofmalopolska_03_2024
,1563,563,6,6,20250606,1,1,,t2_tourofmalopolska_01_2024
,1565,565,19,9,20250919,1,1,,c1_kampvlaanderen_2015
,1566,566,20,4,20250420,1,1,,c1_tourdoubs_2017
,1567,567,27,8,20250827,1,1,,t2_salvation_01_2024
,4567,567,30,8,20250830,4,1,,t2_salvation_04_2024
,3567,567,29,8,20250829,3,1,,t2_salvation_03_2024
,2567,567,28,8,20250828,2,1,,t2_salvation_02_2024
,1568,568,21,9,20250921,1,1,,c1_gooiksepijl_2019
,2569,569,14,5,20250514,2,1,,t2_sakarya_02_2023
,3569,569,15,5,20250515,3,1,,t2_sakarya_03_2023
,4569,569,16,5,20250516,4,1,,t2_sakarya_04_2023
,1569,569,13,5,20250513,1,1,,t2_sakarya_01_2023
,4570,570,25,1,20250125,4,1,,t2_sahel_04_2025
,2570,570,23,1,20250123,2,1,,t2_sahel_02_2025
,1570,570,22,1,20250122,1,1,,t2_sahel_01_2025
,3570,570,24,1,20250124,3,1,,t2_sahel_03_2025
,5570,570,26,1,20250126,5,1,,t2_sahel_05_2025
,1571,571,10,7,20250710,1,1,,t2_gptorresvedras_01_2017
,2571,571,11,7,20250711,2,1,,t2_gptorresvedras_02_2017
,4571,571,13,7,20250713,4,1,,t2_gptorresvedras_04_2017
,3571,571,12,7,20250712,3,1,,t2_gptorresvedras_03_2017
,1572,572,3,7,20250703,1,1,,t1_sibiutour_01_2022
,2572,572,4,7,20250704,2,1,,t1_sibiutour_02_2022
,3572,572,5,7,20250705,3,1,,t1_sibiutour_03_2022
,4572,572,6,7,20250706,4,1,,t1_sibiutour_04_2022
,8573,573,22,6,20250622,8,1,,t2u_girociclisto_08_2021
,2573,573,16,6,20250616,2,1,,t2u_girociclisto_02_2021
,7573,573,21,6,20250621,7,1,,t2u_girociclisto_07_2021
,4573,573,18,6,20250618,4,1,,t2u_girociclisto_04_2021
,3573,573,17,6,20250617,3,1,,t2u_girociclisto_03_2021
,5573,573,19,6,20250619,5,1,,t2u_girociclisto_05_2021
,1573,573,15,6,20250615,1,1,,t2u_girociclisto_01_2021
,6573,573,20,6,20250620,6,1,,t2u_girociclisto_06_2021
,8574,574,28,9,20250928,8,1,,t2_poyang_08_2023
,4574,574,24,9,20250924,4,1,,t2_poyang_04_2023
,5574,574,25,9,20250925,5,1,,t2_poyang_05_2023
,9574,574,29,9,20250929,9,1,,t2_poyang_09_2023
,1574,574,21,9,20250921,1,1,,t2_poyang_01_2023
,6574,574,26,9,20250926,6,1,,t2_poyang_06_2023
,10574,574,30,9,20250930,10,1,,t2_poyang_10_2023
,7574,574,27,9,20250927,7,1,,t2_poyang_07_2023
,2574,574,22,9,20250922,2,1,,t2_poyang_02_2023
,3574,574,23,9,20250923,3,1,,t2_poyang_03_2023
,1575,575,8,9,20250908,1,1,,c2_binzhou_2024
,1576,576,7,9,20250907,1,1,,c0_industriaartigianato_2018
,1577,577,31,8,20250831,1,1,,c2_achterhoek_2023
,1578,578,7,10,20251007,1,1,,c2_sandaniele_2023
,1579,579,30,8,20250830,1,1,,c2_slagomnorg_2016
,2580,580,21,8,20250821,2,1,,t0_deutschland_02_2018
,3580,580,22,8,20250822,3,1,,t0_deutschland_03_2018
,1580,580,20,8,20250820,1,1,,t0_deutschland_01_2018
,5580,580,24,8,20250824,5,1,,t0_deutschland_05_2018
,4580,580,23,8,20250823,4,1,,t0_deutschland_04_2018
,1581,581,9,3,20250309,1,1,,c2_laguna_2018
,1582,582,23,3,20250323,1,1,,c2_izola_2016
,1583,583,22,4,20250422,1,1,,c2u_gppalio_2018
,4584,584,15,8,20250815,4,1,,t2_maurice_04_2024
,1584,584,12,8,20250812,1,1,,t2_maurice_01_2024
,2584,584,13,8,20250813,2,1,,t2_maurice_02_2024
,3584,584,14,8,20250814,3,1,,t2_maurice_03_2024
,6585,585,5,10,20251005,6,1,,t1_croatia_06_2018
,3585,585,2,10,20251002,3,1,,t1_croatia_03_2018
,5585,585,4,10,20251004,5,1,,t1_croatia_05_2018
,4585,585,3,10,20251003,4,1,,t1_croatia_04_2018
,1585,585,30,9,20250930,1,1,,t1_croatia_01_2018
,2585,585,1,10,20251001,2,1,,t1_croatia_02_2018
,3586,586,27,4,20250427,3,1,,t1_asturias_03_2024
,2586,586,26,4,20250426,2,1,,t1_asturias_02_2024
,1586,586,25,4,20250425,1,1,,t1_asturias_01_2024
,1587,587,31,8,20250831,1,1,,c2_halle_2024
,1588,588,14,10,20251014,1,1,,top_guangxi_01_2019
,6588,588,19,10,20251019,6,1,,top_guangxi_06_2019
,5588,588,18,10,20251018,5,1,,top_guangxi_05_2019
,3588,588,16,10,20251016,3,1,,top_guangxi_03_2019
,2588,588,15,10,20251015,2,1,,top_guangxi_02_2019
,4588,588,17,10,20251017,4,1,,top_guangxi_04_2019
,1589,589,8,3,20250308,1,1,,c2_rhodesgp_2023
,2590,590,14,3,20250314,2,1,,t2_rhodestour_02_2022
,3590,590,15,3,20250315,3,1,,t2_rhodestour_03_2022
,4590,590,16,3,20250316,4,1,,t2_rhodestour_04_2022
,1590,590,13,3,20250313,1,1,,t2_rhodestour_01_2022
,1591,591,9,3,20250309,1,1,,c2_gplillers_2018
,1592,592,16,3,20250316,1,1,,c2_popolarissima_2019
,1593,593,9,3,20250309,1,1,,c1_gproeselare_2020
,3594,594,7,9,20250907,3,1,,t2_shanghai_03_2024
,1594,594,5,9,20250905,1,1,,t2_shanghai_01_2024
,2594,594,6,9,20250906,2,1,,t2_shanghai_02_2024
,2595,595,16,4,20250416,2,1,,t1_abruzzo_02_2024
,4595,595,18,4,20250418,4,1,,t1_abruzzo_04_2024
,1595,595,15,4,20250415,1,1,,t1_abruzzo_01_2024
,3595,595,17,4,20250417,3,1,,t1_abruzzo_03_2024
,1596,596,30,3,20250330,1,1,,c1_rouetourangelle_2018
,3597,597,15,6,20250615,3,1,,t2_toureureloire_03_2019
,1597,597,13,6,20250613,1,1,,t2_toureureloire_01_2019
,2597,597,14,6,20250614,2,1,,t2_toureureloire_02_2019
,3598,598,28,8,20250828,3,1,,t1_poitoucharentes_03_2024
,4598,598,29,8,20250829,4,1,,t1_poitoucharentes_04_2024
,1598,598,26,8,20250826,1,1,,t1_poitoucharentes_01_2024
,2598,598,27,8,20250827,2,1,,t1_poitoucharentes_02_2024
,1599,599,26,5,20250526,1,1,,c1_mercantour_2022
,1601,601,6,4,20250406,1,1,,c2u_trofeopiva_2023
,1602,602,21,4,20250421,1,1,,c2u_girobelvedere_2023
,1603,603,14,6,20250614,1,1,,t2_dongying_01_2024
,2603,603,15,6,20250615,2,1,,t2_dongying_02_2024
,1604,604,25,4,20250425,1,1,,c2u_gpliberazione_2015
,1605,605,12,10,20251012,1,1,,t2_mentougou_01_2024
,3605,605,14,10,20251014,3,1,,t2_mentougou_03_2024
,2605,605,13,10,20251013,2,1,,t2_mentougou_02_2024
,1606,606,6,7,20250706,1,1,,c2_bwclassic_2023
,1607,607,5,3,20250305,1,1,,c2_umagtrophy_2015
,4608,608,12,4,20250412,4,1,,t2_redlands_04_2018
,5608,608,13,4,20250413,5,1,,t2_redlands_05_2018
,1608,608,9,4,20250409,1,1,,t2_redlands_01_2018
,3608,608,11,4,20250411,3,1,,t2_redlands_03_2018
,2608,608,10,4,20250410,2,1,,t2_redlands_02_2018
,1609,609,9,3,20250309,1,1,,c2_rabodorpen_2015
,1610,610,18,7,20250718,1,1,,c2_radamring_2024
,1611,611,1,6,20250601,1,1,,c2_klaipeda_2025
,4612,612,7,9,20250907,4,1,,t1_istanbul_04_2023
,3612,612,6,9,20250906,3,1,,t1_istanbul_03_2023
,2612,612,5,9,20250905,2,1,,t1_istanbul_02_2023
,1612,612,4,9,20250904,1,1,,t1_istanbul_01_2023
,4613,613,19,4,20250419,4,1,,t2_tourloiretcher_04_2015
,5613,613,20,4,20250420,5,1,,t2_tourloiretcher_05_2015
,3613,613,18,4,20250418,3,1,,t2_tourloiretcher_03_2015
,2613,613,17,4,20250417,2,1,,t2_tourloiretcher_02_2015
,1613,613,16,4,20250416,1,1,,t2_tourloiretcher_01_2015
,2614,614,24,8,20250824,2,1,,t2_transhimalaya_02_2024
,1614,614,23,8,20250823,1,1,,t2_transhimalaya_01_2024
,3614,614,25,8,20250825,3,1,,t2_transhimalaya_03_2024
,1615,615,1,5,20250501,1,1,,c2u_gpfrankfurt_2015
,1616,616,30,3,20250330,1,1,,c2_adria_2019
,3617,617,31,5,20250531,3,1,,t1_estonia_03_2019
,1617,617,29,5,20250529,1,1,,t1_estonia_01_2019
,2617,617,30,5,20250530,2,1,,t1_estonia_02_2019
,1618,618,13,4,20250413,1,1,,c2u_roubaix_2015
,1619,619,12,10,20251012,1,1,,c2u_paristours_2022
,1620,620,5,10,20251005,1,1,,euro_2025
,1621,621,1,10,20251001,1,1,,euroitt_2025
,1623,623,1,7,20250701,1,1,,c2_brescia_2018
,1626,626,4,5,20250504,1,1,,c2_fyen_2023
,1627,627,10,8,20250810,1,1,,c2u_gppoggiana_2018
,1628,628,28,9,20250928,1,1,,c1_chauny_2023
,4631,631,31,7,20250731,4,1,,t2_banyuwangi_04_2019
,1631,631,28,7,20250728,1,1,,t2_banyuwangi_01_2019
,2631,631,29,7,20250729,2,1,,t2_banyuwangi_02_2019
,3631,631,30,7,20250730,3,1,,t2_banyuwangi_03_2019
,1632,632,5,10,20251005,1,1,,c2_batam_2024
,2633,633,11,1,20250111,2,1,,t2_siak_02_2024
,1633,633,10,1,20250110,1,1,,t2_siak_01_2024
,3633,633,12,1,20250112,3,1,,t2_siak_03_2024
,1637,637,23,3,20250323,1,1,,c2_arrabida_2018
,3638,638,30,4,20250430,3,1,,t2_bostonliq_03_2024
,1638,638,28,4,20250428,1,1,,t2_bostonliq_01_2024
,2638,638,29,4,20250429,2,1,,t2_bostonliq_02_2024
,1640,640,8,3,20250308,1,1,,c1_criquielion_2018
,3643,643,12,4,20250412,3,1,,t2_mersin_03_2018
,1643,643,10,4,20250410,1,1,,t2_mersin_01_2018
,4643,643,13,4,20250413,4,1,,t2_mersin_04_2018
,2643,643,11,4,20250411,2,1,,t2_mersin_02_2018
,1644,644,4,5,20250504,1,1,,c2_cotonou_2024
,1647,647,5,10,20251005,1,1,,c2_oita_2023
,1648,648,12,4,20250412,1,1,,c2_jiyuan_2023
,1649,649,14,1,20250114,1,1,,c2_chuxiong_2024
,1650,650,19,4,20250419,1,1,,c2_puyang_2023
,1651,651,16,1,20250116,1,1,,c2_yuxi_2024
,1652,652,6,4,20250406,1,1,,c2_shitai_2024
,1653,653,10,8,20250810,1,1,,c2_hangkonggang_2023
,1654,654,30,9,20250930,1,1,,c2u_ruota_2018
,1655,655,13,4,20250413,1,1,,c2u_vendemiano_2023
,1657,657,10,9,20250910,1,1,,t1_romaniei_01_2018
,3657,657,12,9,20250912,3,1,,t1_romaniei_03_2018
,5657,657,14,9,20250914,5,1,,t1_romaniei_05_2018
,2657,657,11,9,20250911,2,1,,t1_romaniei_02_2018
,4657,657,13,9,20250913,4,1,,t1_romaniei_04_2018
,1658,658,30,9,20250930,1,1,,t2_biya_01_2018
,3658,658,2,10,20251002,3,1,,t2_biya_03_2018
,4658,658,3,10,20251003,4,1,,t2_biya_04_2018
,2658,658,1,10,20251001,2,1,,t2_biya_02_2018
,5658,658,4,10,20251004,5,1,,t2_biya_05_2018
,3659,659,30,4,20250430,3,1,,t2_benin_03_2024
,4659,659,1,5,20250501,4,1,,t2_benin_04_2024
,2659,659,29,4,20250429,2,1,,t2_benin_02_2024
,5659,659,2,5,20250502,5,1,,t2_benin_05_2024
,1659,659,28,4,20250428,1,1,,t2_benin_01_2024
,6660,660,12,6,20250612,6,1,,t2_cameroun_06_2024
,1660,660,7,6,20250607,1,1,,t2_cameroun_01_2024
,7660,660,13,6,20250613,7,1,,t2_cameroun_07_2024
,5660,660,11,6,20250611,5,1,,t2_cameroun_05_2024
,2660,660,8,6,20250608,2,1,,t2_cameroun_02_2024
,3660,660,9,6,20250609,3,1,,t2_cameroun_03_2024
,8660,660,14,6,20250614,8,1,,t2_cameroun_08_2024
,4660,660,10,6,20250610,4,1,,t2_cameroun_04_2024
,9660,660,15,6,20250615,9,1,,t2_cameroun_09_2024
,1661,661,4,9,20250904,1,1,,t2_friuli_01_2018
,4661,661,7,9,20250907,4,1,,t2_friuli_04_2018
,2661,661,5,9,20250905,2,1,,t2_friuli_02_2018
,3661,661,6,9,20250906,3,1,,t2_friuli_03_2018
,1662,662,24,6,20250624,1,1,,c2_zitong_2024
,1663,663,19,10,20251019,1,1,,c2_leqing_2024
,1671,671,26,9,20250926,1,1,,c2_mirabelle_2018
,1672,672,8,2,20250208,1,1,,c2_warrnambool_2024
,3674,674,7,6,20250607,3,1,,t2_oise_03_2018
,2674,674,6,6,20250606,2,1,,t2_oise_02_2018
,4674,674,8,6,20250608,4,1,,t2_oise_04_2018
,1674,674,5,6,20250605,1,1,,t2_oise_01_2018
,3676,676,14,10,20251014,3,1,,t2_southland_03_2023
,5676,676,16,10,20251016,5,1,,t2_southland_05_2024
,4676,676,15,10,20251015,4,1,,t2_southland_04_2023
,9676,676,20,10,20251020,9,1,,t2_southland_09_2023
,7676,676,18,10,20251018,7,1,,t2_southland_07_2023
,6676,676,17,10,20251017,6,1,,t2_southland_06_2023
,8676,676,19,10,20251019,8,1,,t2_southland_08_2023
,1676,676,12,10,20251012,1,1,,t2_southland_01_2023
,2676,676,13,10,20251013,2,1,,t2_southland_02_2023
,1678,678,31,8,20250831,1,1,,t2_romans_01_2019
,2678,678,1,9,20250901,2,1,,t2_romans_02_2019
,4680,680,9,8,20250809,4,1,,t2_szeklerland_04_2023
,2680,680,7,8,20250807,2,1,,t2_szeklerland_02_2023
,3680,680,8,8,20250808,3,1,,t2_szeklerland_03_2023
,1680,680,6,8,20250806,1,1,,t2_szeklerland_01_2023
,3683,683,6,7,20250706,3,1,,t2_cmu_03_2024
,1683,683,4,7,20250704,1,1,,t2_cmu_01_2024
,2683,683,5,7,20250705,2,1,,t2_cmu_02_2024
,1685,685,11,5,20250511,1,1,,c2_erzgebirgsrundfahrt_2024
,1686,686,6,6,20250606,1,1,,t2_allgau_01_2023
,3686,686,8,6,20250608,3,1,,t2_allgau_03_2023
,2686,686,7,6,20250607,2,1,,t2_allgau_02_2023
,1687,687,16,5,20250516,1,1,,u23_orlengp_01_2021
,2687,687,17,5,20250517,2,1,,u23_orlengp_02_2021
,1688,688,4,5,20250504,1,1,,c1_ardennes_2023
,1694,694,18,5,20250518,1,1,,c2_kempen_2023
,1695,695,3,5,20250503,1,1,,c2_overijssel_2016
,1696,696,22,9,20250922,1,1,,c2_minami_2024
,1697,697,7,9,20250907,1,1,,c2_shinshiro_2024
,1698,698,2,8,20250802,1,1,,t2_kreizbreizh_01_2023
,2698,698,3,8,20250803,2,1,,t2_kreizbreizh_02_2023
,3698,698,4,8,20250804,3,1,,t2_kreizbreizh_03_2023
,3699,699,19,9,20250919,3,1,,t1_okolo_03_2024
,5699,699,21,9,20250921,5,1,,t1_okolo_05_2024
,4699,699,20,9,20250920,4,1,,t1_okolo_04_2024
,1699,699,17,9,20250917,1,1,,t1_okolo_01_2024
,2699,699,18,9,20250918,2,1,,t1_okolo_02_2024
,1700,700,4,5,20250504,1,1,,nat-chl_2024
,1701,701,29,6,20250629,1,1,,nat-chi_2024
,1702,702,29,6,20250629,1,1,,nat-irl_2023
,1703,703,5,5,20250505,1,1,,nat-bol_2023
,1704,704,23,6,20250623,1,1,,nat-cro_2023
,1705,705,29,6,20250629,1,1,,nat-eri_grebiere
,1706,706,14,4,20250414,1,1,,nat-arg_HijoDelDiablo
,1707,707,29,6,20250629,1,1,,nat-aut_2018
,1708,708,29,6,20250629,1,1,,nat-ven_2024
,1709,709,9,2,20250209,1,1,,nat-uru_Wings
,1710,710,29,6,20250629,1,1,,nat-slo_2023
,1711,711,9,2,20250209,1,1,,nat-sar_2024
,1712,712,29,6,20250629,1,1,,nat-nor_2023
,1713,713,28,6,20250628,1,1,,nat-kor_2014
,1714,714,22,6,20250622,1,1,,nat-jpn_grebiere
,1715,715,22,6,20250622,1,1,,nat-kaz_2024
,1716,716,29,6,20250629,1,1,,nat-svk_2021
,1717,717,20,4,20250420,1,1,,nat-uae_Wings
,1718,718,23,6,20250623,1,1,,nat-aze_2018
,1719,719,21,6,20250621,1,1,,natitt-aze_2018
,1720,720,27,6,20250627,1,1,,natitt-can_lethbridge
,1721,721,6,2,20250206,1,1,,natitt-col_2003
,1722,722,22,6,20250622,1,1,,natitt-cro_2019
,1723,723,27,6,20250627,1,1,,natitt-den_Noris85
,1724,724,27,6,20250627,1,1,,natitt-eri_grebiere
,1725,725,21,6,20250621,1,1,,natitt-est_Wings
,1726,726,26,6,20250626,1,1,,natitt-irl_2023
,1727,727,27,6,20250627,1,1,,natitt-kor_2014
,1728,728,24,6,20250624,1,1,,natitt-lva_2023
,1729,729,6,2,20250206,1,1,,natitt-nzl_2023
,1730,730,25,6,20250625,1,1,,natitt-pol_2017
,1731,731,20,6,20250620,1,1,,natitt-por_Noris85
,1732,732,12,6,20250612,1,1,,natitt-rus_2018
,1733,733,7,2,20250207,1,1,,natitt-sar_2016
,1734,734,26,6,20250626,1,1,,natitt-slo_2012
,1735,735,26,6,20250626,1,1,,natitt-svk_2022
,1736,736,26,6,20250626,1,1,,natitt-ven_Wings
,1737,737,25,6,20250625,1,1,,natitt-ukr_2017
,1738,738,8,2,20250208,1,1,,nat-nzl_2023
,1739,739,9,1,20250109,1,1,,natitt-aus_2025
,1740,740,29,6,20250629,1,1,,nat-lva_2023
,1743,743,12,4,20250412,1,1,,natitt-arg_HijoDelDiablo-v2
,1745,745,29,6,20250629,1,1,,nat-cyp_2023
,1746,746,25,6,20250625,1,1,,natitt-cyp_2018
,1747,747,7,6,20250607,1,1,,c1_heistse_2016
,1748,748,24,9,20250924,1,1,,c1_lichtervelde_2019
,1749,749,5,10,20251005,1,1,,c2_ongola_2023
,8750,750,2,3,20250302,8,1,,t1_rwanda_08_2024
,3750,750,25,2,20250225,3,1,,t1_rwanda_03_2024
,2750,750,24,2,20250224,2,1,,t1_rwanda_02_2024
,4750,750,26,2,20250226,4,1,,t1_rwanda_04_2024
,1750,750,23,2,20250223,1,1,,t1_rwanda_01_2024
,6750,750,28,2,20250228,6,1,,t1_rwanda_06_2024
,7750,750,1,3,20250301,7,1,,t1_rwanda_07_2024
,5750,750,27,2,20250227,5,1,,t1_rwanda_05_2024
,5751,751,20,3,20250320,5,1,,t1_taiwan_05_2018
,1751,751,16,3,20250316,1,1,,t1_taiwan_01_2018
,3751,751,18,3,20250318,3,1,,t1_taiwan_03_2018
,4751,751,19,3,20250319,4,1,,t1_taiwan_04_2018
,2751,751,17,3,20250317,2,1,,t1_taiwan_02_2018
,2752,752,24,5,20250524,2,1,,t2_beiras_02_2017
,1752,752,23,5,20250523,1,1,,t2_beiras_01_2017
,3752,752,25,5,20250525,3,1,,t2_beiras_03_2017
,3753,753,20,5,20250520,3,1,,t2_japan_03_2018
,7753,753,24,5,20250524,7,1,,t2_japan_07_2018
,6753,753,23,5,20250523,6,1,,t2_japan_06_2018
,4753,753,21,5,20250521,4,1,,t2_japan_04_2018
,2753,753,19,5,20250519,2,1,,t2_japan_02_2018
,8753,753,25,5,20250525,8,1,,t2_japan_08_2018
,1753,753,18,5,20250518,1,1,,t2_japan_01_2018
,5753,753,22,5,20250522,5,1,,t2_japan_05_2018
,1754,754,14,5,20250514,1,1,,t0_hongrie_01_2024
,4754,754,17,5,20250517,4,1,,t0_hongrie_04_2024
,2754,754,15,5,20250515,2,1,,t0_hongrie_02_2024
,3754,754,16,5,20250516,3,1,,t0_hongrie_03_2024
,5754,754,18,5,20250518,5,1,,t0_hongrie_05_2024
,3758,758,11,10,20251011,3,1,,t0_taihu_03_2018
,4758,758,12,10,20251012,4,1,,t0_taihu_04_2018
,1758,758,9,10,20251009,1,1,,t0_taihu_01_2018
,2758,758,10,10,20251010,2,1,,t0_taihu_02_2018
,1759,759,18,10,20251018,1,1,,c2_gravelandtar_2023
,1760,760,27,9,20250927,1,1,,c2_arnowallaardmemorial_2023
,1761,761,22,7,20250722,1,1,,c2_trochanowskiego_2024
,1762,762,18,5,20250518,1,1,,c2_porto_2018
,1764,764,12,7,20250712,1,1,,c2_v4hungary_2016
,1765,765,13,7,20250713,1,1,,c2_v4slovakia_2016
,1766,766,20,7,20250720,1,1,,c2_v4poland_2022
,1767,767,19,7,20250719,1,1,,c2_v4czech_2016
,1771,771,2,6,20250602,1,1,,c2_degasperi_2016
,7772,772,6,9,20250906,7,1,,t2_gpjornal_07_2019
,1772,772,31,8,20250831,1,1,,t2_gpjornal_01_2019
,8772,772,7,9,20250907,8,1,,t2_gpjornal_08_2019
,4772,772,3,9,20250903,4,1,,t2_gpjornal_04_2019
,3772,772,2,9,20250902,3,1,,t2_gpjornal_03_2019
,6772,772,5,9,20250905,6,1,,t2_gpjornal_06_2019
,5772,772,4,9,20250904,5,1,,t2_gpjornal_05_2019
,2772,772,1,9,20250901,2,1,,t2_gpjornal_02_2019
,4773,773,27,4,20250427,4,1,,t2_ojogo_04_2023
,2773,773,25,4,20250425,2,1,,t2_ojogo_02_2023
,3773,773,26,4,20250426,3,1,,t2_ojogo_03_2023
,1773,773,24,4,20250424,1,1,,t2_ojogo_01_2023
,4774,774,5,9,20250905,4,1,,t2_tranung_04_2022
,2774,774,3,9,20250903,2,1,,t2_tranung_02_2022
,1774,774,2,9,20250902,1,1,,t2_tranung_01_2022
,3774,774,4,9,20250904,3,1,,t2_tranung_03_2022
,5774,774,6,9,20250906,5,1,,t2_tranung_05_2022
,1775,775,13,4,20250413,1,1,,c2_slezanski_2023
,1777,777,16,8,20250816,1,1,,c2u_capodarco_2016
,1778,778,16,4,20250416,1,1,,c2_viana_2023
,2779,779,13,3,20250313,2,1,,t2_tolima_02_2023
,4779,779,15,3,20250315,4,1,,t2_tolima_04_2023
,5779,779,16,3,20250316,5,1,,t2_tolima_05_2023
,1779,779,12,3,20250312,1,1,,t2_tolima_01_2023
,3779,779,14,3,20250314,3,1,,t2_tolima_03_2023
,1780,780,29,6,20250629,1,1,,natitt-swe_2024
,1781,781,6,7,20250706,1,1,,c2_brenta_2022
,1782,782,27,7,20250727,1,1,,c2_perenchies_2016
,1784,784,16,8,20250816,1,1,,c2_lasaka_2016
,1785,785,17,5,20250517,1,1,,c2_himledalen_2024
,1788,788,26,5,20250526,1,1,,c2u_omloophetnieuws_2018
,8789,789,19,1,20250119,8,1,,t2_tachira_08_2024
,3789,789,14,1,20250114,3,1,,t2_tachira_03_2024
,6789,789,17,1,20250117,6,1,,t2_tachira_06_2024
,7789,789,18,1,20250118,7,1,,t2_tachira_07_2024
,1789,789,12,1,20250112,1,1,,t2_tachira_01_2024
,5789,789,16,1,20250116,5,1,,t2_tachira_05_2024
,2789,789,13,1,20250113,2,1,,t2_tachira_02_2024
,4789,789,15,1,20250115,4,1,,t2_tachira_04_2024
,5792,792,27,4,20250427,5,1,,t2_tourgila_05_2017
,3792,792,25,4,20250425,3,1,,t2_tourgila_03_2017
,2792,792,24,4,20250424,2,1,,t2_tourgila_02_2017
,1792,792,23,4,20250423,1,1,,t2_tourgila_01_2017
,4792,792,26,4,20250426,4,1,,t2_tourgila_04_2017
,1793,793,20,9,20250920,1,1,,t2_rcn_01_2016
,3793,793,22,9,20250922,3,1,,t2_rcn_03_2016
,8793,793,27,9,20250927,8,1,,t2_rcn_08_2016
,9793,793,28,9,20250928,9,1,,t2_rcn_09_2016
,4793,793,23,9,20250923,4,1,,t2_rcn_04_2016
,7793,793,26,9,20250926,7,1,,t2_rcn_07_2016
,2793,793,21,9,20250921,2,1,,t2_rcn_02_2016
,6793,793,25,9,20250925,6,1,,t2_rcn_06_2016
,5793,793,24,9,20250924,5,1,,t2_rcn_05_2016
,3794,794,28,5,20250528,3,1,,t2_albania_03_2017
,5794,794,30,5,20250530,5,1,,t2_albania_05_2017
,2794,794,27,5,20250527,2,1,,t2_albania_02_2017
,4794,794,29,5,20250529,4,1,,t2_albania_04_2017
,1794,794,26,5,20250526,1,1,,t2_albania_01_2017
,5795,795,1,6,20250601,5,1,,t2_flechedusud_05_2024
,3795,795,30,5,20250530,3,1,,t2_flechedusud_03_2024
,2795,795,29,5,20250529,2,1,,t2_flechedusud_02_2024
,4795,795,31,5,20250531,4,1,,t2_flechedusud_04_2024
,1795,795,28,5,20250528,1,1,,t2_flechedusud_01_2024
,2796,796,10,5,20250510,2,1,,t2_kumano_02_2017
,1796,796,9,5,20250509,1,1,,t2_kumano_01_2017
,3796,796,11,5,20250511,3,1,,t2_kumano_03_2017
,1797,797,11,6,20250611,1,1,,t2_beauce_01_2016
,3797,797,13,6,20250613,3,1,,t2_beauce_03_2016
,5797,797,15,6,20250615,5,1,,t2_beauce_05_2016
,4797,797,14,6,20250614,4,1,,t2_beauce_04_2016
,2797,797,12,6,20250612,2,1,,t2_beauce_02_2016
,1798,798,23,7,20250723,1,1,,t2_dookola_01_2017
,4798,798,26,7,20250726,4,1,,t2_dookola_04_2017
,3798,798,25,7,20250725,3,1,,t2_dookola_03_2017
,2798,798,24,7,20250724,2,1,,t2_dookola_02_2017
,1799,799,19,9,20250919,1,1,,t2_serbie_01_2016
,2799,799,20,9,20250920,2,1,,t2_serbie_02_2016
,3799,799,21,9,20250921,3,1,,t2_serbie_03_2016
,1800,800,11,5,20250511,1,1,,c2u_marmo_2023
,1803,803,7,6,20250607,1,1,,nat-ago_WaneToutFrit
,1804,804,22,6,20250622,1,1,,nat-dza_WaneToutFrit
,1805,805,30,6,20250630,1,1,,nat-eth_WaneToutFrit
,1806,806,29,6,20250629,1,1,,nat-hun_2023
,1807,807,26,6,20250626,1,1,,nat-irn_WaneToutFritv1
,1808,808,20,6,20250620,1,1,,natitt-dza_WaneToutFrit
,1809,809,6,6,20250606,1,1,,natitt-ago_WaneToutFrit
,1810,810,27,6,20250627,1,1,,natitt-eth_WaneToutFrit
,1811,811,26,6,20250626,1,1,,"natitt-hun_KArt, WaneToutFrit"
,1812,812,27,6,20250627,1,1,,natitt-irn_WaneToutFrit2
,1813,813,28,6,20250628,1,1,,natitt-mar_WaneToutFrit
,1814,814,20,6,20250620,1,1,,natitt-rom_2023
,1815,815,25,2,20250225,1,1,,natitt-phl_WaneToutFrit
,1816,816,17,1,20250117,1,1,,natitt-tha_2025
,1817,817,16,6,20250616,1,1,,natitt-tun_WaneToutFrit
,1818,818,30,6,20250630,1,1,,nat-mar_2024
,1819,819,28,2,20250228,1,1,,nat-phl_2023
,1820,820,22,6,20250622,1,1,,"nat-rom_Selwink, WaneToutFrit"
,1821,821,19,1,20250119,1,1,,nat-tha_2025
,1822,822,23,6,20250623,1,1,,nat-tun_WaneToutFrit2
,1823,823,6,10,20251006,1,1,,nat-lie_WaneToutFrit2
,1824,824,23,6,20250623,1,1,,nat-uga_WaneToutFrit
,1825,825,21,6,20250621,1,1,,natitt-uga_WaneToutFrit
,1826,826,9,5,20250509,1,1,,nat-bru_WaneToutFrit
,1827,827,8,5,20250508,1,1,,natitt-bru_WaneToutFrit
,1828,828,23,7,20250723,1,1,,nat-cod_WaneToutFrit
,1829,829,21,7,20250721,1,1,,natitt-cod_WaneToutFrit
,1830,830,13,10,20251013,1,1,,nat-gha_WaneToutFrit
,1831,831,12,10,20251012,1,1,,natitt-gha_WaneToutFrit
,1832,832,22,6,20250622,1,1,,nat-sgn_WaneToutFrit
,1833,833,21,6,20250621,1,1,,natitt-sgn_WaneToutFrit
,1834,834,25,5,20250525,1,1,,nat-pry_WaneToutFrit1
,1835,835,24,5,20250524,1,1,,natitt-pry_WaneToutFrit
,1836,836,26,1,20250126,1,1,,nat-khm_WaneToutFrit
,1837,837,24,1,20250124,1,1,,natitt-khm_WaneToutFrit
,1838,838,7,7,20250707,1,1,,nat-mlt_WaneToutFrit
,1839,839,23,6,20250623,1,1,,natitt-mlt_WaneToutFrit
,1840,840,28,6,20250628,1,1,,nat-lao_WaneToutFrit2
,1841,841,29,6,20250629,1,1,,natitt-lao_WaneToutFrit2
,1842,842,23,6,20250623,1,1,,nat-cmr_WaneToutFrit
,1843,843,25,6,20250625,1,1,,natitt-cmr_WaneToutFrit
,1844,844,1,6,20250601,1,1,,nat-bhs_WaneToutFrit
,1845,845,31,5,20250531,1,1,,natitt-bhs_WaneToutFrit
,1846,846,6,7,20250706,1,1,,natitt-gua_WaneToutFrit
,1847,847,3,8,20250803,1,1,,nat-gua_WaneToutFrit
,1848,848,23,6,20250623,1,1,,nat-mkd_2023
,1849,849,21,6,20250621,1,1,,natitt-mkd_WaneToutFrit
,1850,850,29,6,20250629,1,1,,nat-kwt_WaneToutFrit
,1851,851,28,6,20250628,1,1,,natitt-kwt_WaneToutFrit
,1852,852,9,3,20250309,1,1,,nat-bhr_WaneToutFrit
,1853,853,8,3,20250308,1,1,,natitt-bhr_WaneToutFrit
,8854,854,8,8,20250808,8,1,,t2_guadeloupe_08_2019
,2854,854,2,8,20250802,2,1,,t2_guadeloupe_02_2019
,7854,854,7,8,20250807,7,1,,t2_guadeloupe_07_2019
,9854,854,9,8,20250809,9,1,,t2_guadeloupe_09_2019
,10854,854,10,8,20250810,10,1,,t2_guadeloupe_10_2019
,1854,854,1,8,20250801,1,1,,t2_guadeloupe_01_2019
,6854,854,6,8,20250806,6,1,,t2_guadeloupe_06_2019
,5854,854,5,8,20250805,5,1,,t2_guadeloupe_05_2019
,4854,854,4,8,20250804,4,1,,t2_guadeloupe_04_2019
,3854,854,3,8,20250803,3,1,,t2_guadeloupe_03_2019
,3855,855,23,8,20250823,3,1,,t2_baltic_03_2022
,1855,855,21,8,20250821,1,1,,t2_baltic_01_2022
,2855,855,22,8,20250822,2,1,,t2_baltic_02_2022
,4855,855,24,8,20250824,4,1,,t2_baltic_04_2022
,2859,859,24,4,20250424,2,1,,t2_belgrade_02_2021
,4859,859,26,4,20250426,4,1,,t2_belgrade_04_2021
,1859,859,23,4,20250423,1,1,,t2_belgrade_01_2021
,3859,859,25,4,20250425,3,1,,t2_belgrade_03_2021
,1863,863,3,5,20250503,1,1,,c2_herning_2022
,1866,866,6,7,20250706,1,1,,c2_erciyes_2019
,1875,875,31,8,20250831,1,1,,c2_somme_2016
,6878,878,29,3,20250329,6,1,,t1_thailand_06_2024
,1878,878,24,3,20250324,1,1,,t1_thailand_01_2024
,2878,878,25,3,20250325,2,1,,t1_thailand_02_2024
,5878,878,28,3,20250328,5,1,,t1_thailand_05_2024
,4878,878,27,3,20250327,4,1,,t1_thailand_04_2024
,3878,878,26,3,20250326,3,1,,t1_thailand_03_2024
,4881,881,2,9,20250902,4,1,,t2_bulgarie_04_2016
,2881,881,31,8,20250831,2,1,,t2_bulgarie_02_2016
,1881,881,30,8,20250830,1,1,,t2_bulgarie_01_2016
,6881,881,4,9,20250904,6,1,,t2_bulgarie_06_2016
,3881,881,1,9,20250901,3,1,,t2_bulgarie_03_2016
,5881,881,3,9,20250903,5,1,,t2_bulgarie_05_2016
,4882,882,7,9,20250907,4,1,,t2_southbohemia_04_2018
,2882,882,5,9,20250905,2,1,,t2_southbohemia_02_2018
,3882,882,6,9,20250906,3,1,,t2_southbohemia_03_2018
,1882,882,4,9,20250904,1,1,,t2_southbohemia_01_2018
,5884,884,5,8,20250805,5,1,,t2_colombia_05_2017
,9884,884,9,8,20250809,9,1,,t2_colombia_09_2017
,8884,884,8,8,20250808,8,1,,t2_colombia_08_2017
,3884,884,3,8,20250803,3,1,,t2_colombia_03_2017
,7884,884,7,8,20250807,7,1,,t2_colombia_07_2017
,2884,884,2,8,20250802,2,1,,t2_colombia_02_2017
,1884,884,1,8,20250801,1,1,,t2_colombia_01_2017
,4884,884,4,8,20250804,4,1,,t2_colombia_04_2017
,10884,884,10,8,20250810,10,1,,t2_colombia_10_2017
,6884,884,6,8,20250806,6,1,,t2_colombia_06_2017
,5885,885,6,9,20250906,5,1,,t2_ecuador_05_2023
,2885,885,3,9,20250903,2,1,,t2_ecuador_02_2023
,4885,885,5,9,20250905,4,1,,t2_ecuador_04_2023
,3885,885,4,9,20250904,3,1,,t2_ecuador_03_2023
,6885,885,7,9,20250907,6,1,,t2_ecuador_06_2023
,1885,885,2,9,20250902,1,1,,t2_ecuador_01_2023
,9890,890,18,10,20251018,9,1,,t2_faso_09_2019
,10890,890,19,10,20251019,10,1,,t2_faso_10_2019
,4890,890,13,10,20251013,4,1,,t2_faso_04_2019
,7890,890,16,10,20251016,7,1,,t2_faso_07_2019
,8890,890,17,10,20251017,8,1,,t2_faso_08_2019
,1890,890,10,10,20251010,1,1,,t2_faso_01_2019
,5890,890,14,10,20251014,5,1,,t2_faso_05_2019
,3890,890,12,10,20251012,3,1,,t2_faso_03_2019
,2890,890,11,10,20251011,2,1,,t2_faso_02_2019
,6890,890,15,10,20251015,6,1,,t2_faso_06_2019
,1894,894,24,6,20250624,1,1,,natitt-uzb_Wane
,1895,895,26,6,20250626,1,1,,nat-uzb_Wane
,1896,896,13,10,20251013,1,1,,natitt-vnm_Wane
,1897,897,19,10,20251019,1,1,,nat-vnm_Wane
,1898,898,24,4,20250424,1,1,,natitt-zim_2023
,1899,899,26,4,20250426,1,1,,nat-zim_2023
,1900,900,19,6,20250619,1,1,,natitt-ber_Wane
,1901,901,22,6,20250622,1,1,,nat-ber_Wane
,1902,902,29,6,20250629,1,1,,natitt-civ_Wane
,1903,903,30,6,20250630,1,1,,nat-civ_Wane
,1904,904,10,9,20250910,1,1,,natitt-cuw_Wane
,1905,905,17,9,20250917,1,1,,nat-cuw_Wane
,1906,906,29,6,20250629,1,1,,natitt-guy_Wane
,1907,907,30,6,20250630,1,1,,nat-guy_Wane
,1908,908,8,1,20250108,1,1,,natitt-ind_Wane
,1909,909,11,1,20250111,1,1,,nat-ind_Wane
,1910,910,25,6,20250625,1,1,,natitt-isl_Wane
,1911,911,29,6,20250629,1,1,,nat-isl_wane
,1912,912,5,1,20250105,1,1,,natitt-lka_Wane
,1913,913,7,1,20250107,1,1,,nat-lka_Wane
,1914,914,19,1,20250119,1,1,,natitt-lso_Wane
,1915,915,12,1,20250112,1,1,,nat-lso_Wane
,1916,916,21,6,20250621,1,1,,natitt-mus_Wane
,1917,917,22,6,20250622,1,1,,nat-mus_Wane
,1918,918,7,2,20250207,1,1,,natitt-nam_Wane
,1919,919,9,2,20250209,1,1,,nat-nam_Wane
,1920,920,18,5,20250518,1,1,,natitt-nga_Wane
,1921,921,19,5,20250519,1,1,,nat-nga_Wane
,1922,922,23,2,20250223,1,1,,natitt-pak_Wane
,1923,923,21,2,20250221,1,1,,nat-pak_Wane
,1924,924,15,3,20250315,1,1,,natitt-qat_2016
,1925,925,16,3,20250316,1,1,,nat-qat_2016
,1926,926,10,5,20250510,1,1,,natitt-syr_Wane
,1927,927,11,5,20250511,1,1,,nat-syr_Wane
,1928,928,18,10,20251018,1,1,,natitt-tls_Wane
,1929,929,20,10,20251020,1,1,,nat-tls_Wane
,1930,930,5,10,20251005,1,1,,natitt-twn_2023
,1931,931,6,10,20251006,1,1,,nat-twn_WaneToutFrit
,1932,932,5,7,20250705,1,1,,natitt-kyr_WaneToutFrit
,1933,933,6,7,20250706,1,1,,nat-kyr_WaneToutFrit
,1934,934,22,6,20250622,1,1,,natitt-ken_WaneToutFrit
,1935,935,23,6,20250623,1,1,,nat-ken_WaneToutFrit2
,1936,936,22,6,20250622,1,1,,natitt-arm_WaneToutFrit
,1937,937,23,6,20250623,1,1,,nat-arm_WaneToutFrit
,1938,938,29,6,20250629,1,1,,natitt-mdv_WaneToutFrit
,1939,939,30,6,20250630,1,1,,nat-mdv_WaneToutFrit
,1940,940,18,7,20250718,1,1,,natitt-mex_HijoDelDiablo-v3
,1941,941,21,7,20250721,1,1,,nat-mex_HijoDelDiablo
,1942,942,22,6,20250622,1,1,,natitt-mon_leon40
,1943,943,23,6,20250623,1,1,,nat-mon_leon40
,1944,944,26,6,20250626,1,1,,natitt-cze_2022
,1945,945,29,6,20250629,1,1,,nat-est_Wings
,1946,946,27,6,20250627,1,1,,natitt-aut_Innsbruck
,1947,947,21,6,20250621,1,1,,natitt-jpn_grebiere
,1948,948,18,6,20250618,1,1,,natitt-kaz_2024
,1949,949,21,6,20250621,1,1,,natitt-ltu_grebiere
,1950,950,29,6,20250629,1,1,,nat-ltu_grebiere
,1951,951,22,6,20250622,1,1,,nat-ser_2023
,1952,952,23,2,20250223,1,1,,nat-mas_2022
,1953,953,29,6,20250629,1,1,,nat-gre_2023
,1954,954,27,6,20250627,1,1,,natitt-gre_Wings
,1955,955,21,2,20250221,1,1,,natitt-mas_2024
,1956,956,20,6,20250620,1,1,,natitt-ser_Wings
,1958,958,1,5,20250501,1,1,,natitt-chl_Wings
,1960,960,9,6,20250609,1,1,,c1_portepic_2019
,1961,961,7,2,20250207,1,1,,natitt-uru_Wings
,1962,962,21,6,20250621,1,1,,natitt-crc_Wings
,1963,963,25,6,20250625,1,1,,natitt-chi_Wings
,1964,964,4,5,20250504,1,1,,natitt-bol_Wings
,1965,965,1,7,20250701,1,1,,nat-swe_2018
,1966,966,23,6,20250623,1,1,,nat-crc_Wings
,1967,967,28,6,20250628,1,1,,nat-can_lethbridge
,1968,968,13,4,20250413,1,1,,natitt-uae_WaneToutFrit
,1969,969,28,6,20250628,1,1,,nat-tur_PanParek
,1970,970,26,6,20250626,1,1,,natitt-tur_2018
,1971,971,26,6,20250626,1,1,,natitt-idn_2022
,1972,972,29,6,20250629,1,1,,nat-idn_2018
,1973,973,2,2,20250202,1,1,,nat-ecu_WaneToutFrit
,1974,974,31,1,20250131,1,1,,natitt-ecu_2023
,1975,975,29,6,20250629,1,1,,nat-lux_tamijo
,1976,976,25,6,20250625,1,1,,natitt-lux_2022
,1977,977,28,6,20250628,1,1,,nat-isr_WaneToutFrit
,1978,978,21,6,20250621,1,1,,natitt-isr_WaneToutFrit
,1979,979,23,6,20250623,1,1,,nat-alb_2023
,1980,980,22,6,20250622,1,1,,natitt-alb_WaneToutFrit
,1981,981,29,6,20250629,1,1,,nat-blg_2023
,1982,982,27,6,20250627,1,1,,natitt-blg_WaneToutFrit2
,1983,983,4,5,20250504,1,1,,nat-blr_WaneToutFrit1
,1984,984,3,5,20250503,1,1,,natitt-blr_WaneToutFrit
,1985,985,29,6,20250629,1,1,,nat-bra_WaneToutFrit1
,1986,986,26,6,20250626,1,1,,natitt-bra_WaneToutFrit
,1987,987,16,6,20250616,1,1,,nat-fin_WaneToutFrit2
,1988,988,14,6,20250614,1,1,,natitt-fin_WaneToutFrit
,1989,989,22,6,20250622,1,1,,nat-hkg_WaneToutFritSazee
,1990,990,21,6,20250621,1,1,,natitt-hkg_WaneToutFritSazee
,1991,991,29,6,20250629,1,1,,nat-rwa_WaneToutFrit2
,1992,992,28,6,20250628,1,1,,natitt-rwa_WaneToutFrit
,1993,993,14,7,20250714,1,1,,nat-smr_Wane
,1994,994,12,7,20250712,1,1,,natitt-smr_Wane
,1995,995,26,6,20250626,1,1,,natitt-nor_stylus
,1997,997,23,6,20250623,1,1,,natitt-mng_2024
,1998,998,25,6,20250625,1,1,,nat-mng_2024
,1999,999,26,6,20250626,1,1,,natitt-swi_Noris85
